Record ID,Project ID,Project name,Segment,Owner,Status,Status last updated date,Change type,Line type,Minimum voltage (kV),Maximum voltage (kV),AC or DC,Capacity (MW),Estimated in service year,Federal permitting status,State permitting status,Last permitting update,Federal permitting simple status,State permitting simple status,Alternative name,Origin substation,Destination substation,Related substations,States intersected,States intersected (abbreviated),RTO intersected,Planning authority,Planning process,Planning,Length (mi),Length source,Link 1,Link 2
R-0001,P-0001,502 Junction - Woodside 500 KV, ,NEET,Permitting,2026/6/24,"New circuit, greenfield", ,500,500, ,0,2031,Not started,"CPCN, siting and permitting underway in three states",2026/3/17,Not started,Permitting Underway, ,502 Junction,Woodside,"502 Junction, Woodside","Maryland, Pennsylvania, Virginia, West Virginia","MD, PA, VA, WV",PJM,PJM, , ,109,Estimated,https://www.pjm.com/planning/m/project-construction, 
R-0002,P-0002,Abel-Pfister-Ball 230 kV Transmission Project, ,Salt River Project (SRP),Complete,2025/4/8,"New circuit, greenfield",Aboveground,230,230, ,0,2024, , , , , , ,Abel,Ball, ,Arizona,AZ,None (Non-RTO West), , , ,20,Reported,https://www.srpnet.com/grid-water-management/grid-management/improvement-projects/abel-pfister-ball-transmission#2, 
R-0003,P-0003,Abernathy - North Loop 345 kV, ,"Sharyland Utilities, Lubbock Power & Light", ,,"New circuit, greenfield", ,345,345, ,0, ,Permitting Underway,"CPCN, siting and permitting final decision",2026/3/17,Permitting Underway,Permitting Complete, ,Abernathy,X-FAB,"Abernathy, X-FAB",Texas,TX,"ERCOT, SPP", , , ,23,Estimated,https://www.oncor.com/content/dam/oncorwww/documents/about-us/transmission-system/current-trasmission-line-projects/abernathy-to-north-project-345-kv-ccn/AtoN_PUCT_Approved.pdf, 
R-0004,P-0004,Afton North - Airport 345 KV Line, ,El Paso Electric Company,Planning,2026/3/6,"New circuit, greenfield", ,345,345, ,0,2028,Categorical Exclusion,N/A,2026/3/17,Categorical Exclusion,Not required, ,Afton,Airport,"Afton, Airport",New Mexico,NM,None (Non-RTO West), , , ,12,Estimated,https://www.epelectric.com/files/html/Transmission/2024%20EPE%20System%20Expansion%20Plan%202025-2034.pdf, 
R-0005,P-0005,Ajo to Reforzar: Construct New 345 kV Double Circuit Line, ,"AEP Texas, Electric Transmission Texas (ETT)",Planning,2024/12/18,"New circuit, greenfield", ,345,345, ,0,2026,Permitting Underway,"CPCN, siting and permitting final decision",2026/3/17,Permitting Underway,Permitting Complete, ,Ajo,Reforzar,"Ajo, Reforzar",Texas,TX,ERCOT,ERCOT,21RPG017, ,27,Estimated,https://www.aeptransmission.com/texas/Ajo-Reforzar/,https://www.ercot.com/gridinfo/planning
R-0006,P-0006,Alberhill System Project, ,Southern California Edison,Permitting,2025/3/11,"New circuit, greenfield", ,500,500, ,0,2029,Permitting Underway,"CPCN, siting and permitting underway",2026/3/17,Permitting Underway,Permitting Underway, ,Alberhill,NA - line interconnection,Alberhill,California,CA,CAISO,CAISO, , ,2.7,Estimated,https://www.sce.com/about-us/reliability/upgrading-transmission/alberhill,https://ia.cpuc.ca.gov/environment/info/ene/alberhill/Alberhill.html
R-0007,P-0007,Alexandria to Big Oaks (Cassie's Crossing),Added 345 kV circuit,"Great River Energy, Minnesota Power, Missouri River Energy Services, Otter Tail Power Company, Xcel Energy",Permitting,2024/12/5,Upgrade,Aboveground,345,345, ,0,2030,Permitting Underway,"CPCN, siting and permitting final decision",2026/3/17,Permitting Underway,Permitting Complete,LRTP 02: Big Stone South - Alexandria - Big Oaks (Cassie’s Crossing),Alexandria,Big Oaks,"Alexandria, Big Oaks",Minnesota,MN,MISO,MISO,MTEP21,LRTP Tranche 1,106,Estimated,https://www.alexandriatobigoaks.com/,https://www.misoenergy.org/planning/transmission-planning/mtep/#t=10&p=0&s=&sd=
R-0008,P-0007,Alexandria to Big Oaks (Cassie's Crossing),New construction,"Great River Energy, Minnesota Power, Missouri River Energy Services, Otter Tail Power Company, Xcel Energy",Permitting,2024/12/5,"New circuit, greenfield",Aboveground,345,345, ,0,2030,Permitting Underway,"CPCN, siting and permitting final decision",2025/12/8,Permitting Underway,Permitting Complete,LRTP 02: Big Stone South - Alexandria - Big Oaks (Cassie’s Crossing),NA - Line interconnection only,NA - Line interconnection only, ,Minnesota,MN,MISO,MISO,MTEP21,LRTP Tranche 1,2.6,Estimated,https://www.alexandriatobigoaks.com/,https://www.misoenergy.org/planning/transmission-planning/mtep/#t=10&p=0&s=&sd=
R-0009,P-0008,Alma - Blair Transmission Project,Northern Route Option,Dairyland Power Cooperative,Permitting,2024/12/13,"New circuit, greenfield",Aboveground,345,345, ,0,2028,Permitting Underway,"CPCN, siting and permitting final decision",2026/3/17,Permitting Underway,Permitting Complete,LRTP 04: Wilmarth - North Rochester - Tremval,Alma,Tremval,"Alma, Tremval",Wisconsin,WI,MISO,MISO,MTEP21,LRTP Tranche 1,33,Estimated,"https://www.dairylandpower.com/alma-blair-transmission-project#:~:text=The%20Alma%2DBlair%20Transmission%20Project%20includes%20building%20a%20new%20345,Tremval%20Substation%20near%20Blair%2C%20Wis.",https://www.misoenergy.org/planning/transmission-planning/mtep/#t=10&p=0&s=&sd=
R-0010,P-0008,Alma - Blair Transmission Project,Southern Route Option,Dairyland Power Cooperative,Permitting,2024/12/13,"New circuit, greenfield",Aboveground,345,345, ,0,2028,Permitting Underway,"CPCN, siting and permitting underway",2025/12/8,Permitting Underway,Permitting Underway,LRTP 04: Wilmarth - North Rochester - Tremval,Alma,Tremval,"Alma, Tremval",Wisconsin,WI,MISO,MISO,MTEP21,LRTP Tranche 1,34,Estimated,"https://www.dairylandpower.com/alma-blair-transmission-project#:~:text=The%20Alma%2DBlair%20Transmission%20Project%20includes%20building%20a%20new%20345,Tremval%20Substation%20near%20Blair%2C%20Wis.",https://www.misoenergy.org/planning/transmission-planning/mtep/#t=10&p=0&s=&sd=
R-0011,P-0009,Altair 230 kV Route Options, ,Dominion Energy,Complete,2025/8/25,"New circuit, greenfield", ,230,230, ,0, , , , , , , ,Altair,NA - ties in to existing line,Altair,Virginia,VA,PJM, , , ,3.5,Estimated,https://www.dominionenergy.com/projects-and-facilities/electric-projects/power-line-projects/altair, 
R-0012,P-0010,Angstrom - Grissom: Build New Line, ,AEP Texas,Planning,2024/12/18,"New circuit, greenfield", ,345,345, ,0,2024,Permitting Underway,"CPCN, siting and permitting final decision",2026/3/17,Permitting Underway,Permitting Complete, ,Angstrom,Grissom,"Angstrom, Grissom",Texas,TX,ERCOT,ERCOT,19RPG0016, ,18,Estimated,https://www.aeptransmission.com/texas/Angstrom-Grissom/,https://www.ercot.com/gridinfo/planning
R-0013,P-0011,Angstrom to Naismith: Build New 345 kV Line, ,AEP Texas,Construction,2024/12/18,"New circuit, greenfield", ,345,345, ,0,2024,Permitting Underway,"CPCN, siting and permitting final decision",2026/3/17,Permitting Underway,Permitting Complete, ,Angstrom,Naismith,"Angstrom, Naismith",Texas,TX,ERCOT,ERCOT,19RPG0016, ,14,Estimated,https://power-viz.com/aep/texas/Angstrom-Naismith/docs/Angstrom-Naismith_Factsheet_V6.pdf, 
R-0014,P-0012,Angstrom to STP: Increase 345 kV Line MOT, ,AEP Texas,Planning,2024/12/18,Upgrade, ,345,345, ,0,2025, , , , , , ,Angstrom,Sotex5 (STP),"Angstrom, Sotex5 (STP)",Texas,TX,ERCOT,ERCOT, , ,124,Estimated,https://www.ercot.com/gridinfo/planning, 
R-0015,P-0013,Antelope - Whirlwind Line Upgrade, ,Southern California Edison,Planning,2024/5/23,Upgrade, ,500,500, ,0,2025, , , , , , ,Antelope,Whirlwind,"Antelope, Whirlwind",California,CA,CAISO,CAISO, , ,15,Estimated,https://www.caiso.com/documents/iso-board-approved-2023-2024-transmission-plan.pdf, 
R-0016,P-0014,Antler - Bergheim Transmission Line Upgrade, ,LCRA Transmission Services Corporation,Planning,2024/12/18,Upgrade, ,345,345, ,0,2025, , , , , , ,Antler,Bergheim,"Antler, Bergheim",Texas,TX,ERCOT,ERCOT,22RPG005, ,7,Estimated,https://www.ercot.com/gridinfo/planning, 
R-0017,P-0015,Appalaches - Maine Interconnection, ,Hydro-Quebec TransEnergie,Construction,2024/10/1,"New circuit, greenfield", ,320,320, ,0,2025, , , , , , ,Appalaches,NA,"Appalaches, NA", , ,Canada Energy Regulator,"ISO-NE, Canada Energy Regulator", , ,62.63,Reported,https://www.cer-rec.gc.ca/en/applications-hearings/view-applications-projects/hydro-quebec-trans-energie/,https://www.iso-ne.com/system-planning/system-plans-studies/rsp/rsp-project-list-and-the-asset-condition-list
R-0018,P-0016,Arbor Hill - East Adair (MISO LRTP Tranche 2.1 Addtl Lines),345 kV (initial concept), , ,,"New circuit, greenfield", ,345,345, ,0, ,Not started,Not started,2026/3/17,Not started,Not started, ,Arbor Hill,East Adair,"Arbor Hill, East Adair",Quebec,IA,MISO,MISO,MTEP24,LRTP Tranche 2.1,20,Estimated,https://www.misoenergy.org/planning/transmission-planning/mtep/#t=10&p=0&s=&sd=, 
R-0019,P-0017,Archer Reliability Upgrade Projects, ,Dominion Energy, ,,Upgrade, ,230,230, ,0, , , , , , , ,Archer,Newberry / Haile Tap,"Archer, Newberry / Haile Tap",Florida,FL,None (Southeast), , , ,10,Estimated,https://www.duke-energy.com/-/media/pdfs/233036-archer-reliability-project-map.pdf?rev=cc620b18e2874e079f34d9f027af79c6, 
R-0020,P-0018,Arrowhead SS - Stone Lake SS, ,American Transmission Company (ATC), ,,Upgrade, ,345,345, ,0,2026, , , , , , ,Arrowhead,Stone Lake,"Arrowhead, Stone Lake","Minnesota, Wisconsin","MN, WI",MISO,MISO,MTEP21, ,79,Estimated,https://www.misoenergy.org/planning/transmission-planning/mtep/#t=10&p=0&s=&sd=, 
R-0021,P-0019,Aspen - Doubs 500 kV Line, ,Dominion Energy,"Engineering, design, and routing",2025/1/1,"New circuit, greenfield", ,500,500, ,0,2030,Not started,Not started,2026/3/17,Not started,Not started, ,Aspen,Doubs,"Aspen, Doubs","Maryland, Virginia","MD, VA",PJM,PJM, , ,15,Estimated,https://www.pjm.com/planning/m/project-construction, 
R-0022,P-0020,Aspen - Golden 500 kV Line Options, ,Dominion Energy,Permitting,2026/4/2,"New circuit, greenfield", ,500,500, ,0,2027,Permitting Underway,"CPCN, siting and permitting final decision",2026/3/17,Permitting Underway,Permitting Complete, ,Aspen,Golden,"Aspen, Golden",Virginia,VA,PJM,PJM, , ,12,Estimated,https://www.pjm.com/planning/m/project-construction, 
R-0023,P-0021,Aspen - Goose Creek 500 kV Line, ,Dominion Energy,Permitting,2026/4/2,"New circuit, greenfield", ,500,500, ,0,2027,Permitting Underway,"CPCN, siting and permitting final decision",2026/3/17,Permitting Underway,Permitting Complete, ,Aspen,Goose Creek (VA),"Aspen, Goose Creek",Virginia,VA,PJM,PJM, , ,0.2,Estimated,https://www.pjm.com/planning/m/project-construction, 
R-0024,P-0022,Aspen - Sycolin Creek 230 kV Line, ,Dominion Energy,"Engineering, design, and routing",2025/1/1,"New circuit, greenfield", ,230,230, ,0,2027, , , , , , ,Aspen,Sycolin Creek,"Aspen, Sycolin Creek",Virginia,VA,PJM,PJM, , ,1.2,Estimated,https://www.pjm.com/planning/m/project-construction, 
R-0025,P-0023,Auburn - Hoyt,345 kV (JTIQ),East Kentucky Power Cooperative,"Engineering, design, and routing",2026/6/24,"New circuit, greenfield", ,345,345, ,0,2032,Not started,Not started,2026/3/17,Not started,Not started, ,Auburn,Hoyt,"Auburn, Hoyt","Kansas, Nebraska","KS, NE",SPP,"MISO, SPP", ,Joint Targeted Interconnection Queue (JTIQ) Update,77,Estimated,https://www.spp.org/documents/71208/jtiq%20revision%20request%20kickoff%20022624%20final.pdf, 
R-0026,P-0024,Aurora - Greenville Transmission Line Upgrade,Phase 2,Duke Energy,Permitting,2025/2/6,Upgrade, ,230,230, ,0,2027, , , , , , ,Greenville (NC),NA- line continues,Greenville,North Carolina,NC,None (Southeast), , , ,1.9,Estimated,https://www.duke-energy.com/-/media/pdfs/our-company/241047-aurora-greenville-locate-map.pdf?rev=1ccdd23078494d53b2d867cbdbdeb0e6, 
R-0027,P-0024,Aurora - Greenville Transmission Line Upgrade,Phase 1,Duke Energy,Permitting,2025/2/6,Upgrade, ,230,230, ,0,2027, , , , , , ,NA- line continues,NA- line continues, ,North Carolina,NC,None (Southeast), , , ,1.4,Estimated,https://www.duke-energy.com/-/media/pdfs/our-company/241047-aurora-greenville-locate-map.pdf?rev=1ccdd23078494d53b2d867cbdbdeb0e6, 
R-0028,P-0025,Aviator 230 kV Project, ,Dominion Energy,Complete,2025/8/25,"New circuit, greenfield", ,230,230, ,0,2024, , , , , , ,Poland Road,Aviator,"Poland Road, Aviator",Virginia,VA,PJM, , , ,0.9,Estimated,https://www.dominionenergy.com/projects-and-facilities/electric-projects/power-line-projects/aviator, 
R-0029,P-0026,Badger Coulee, ,American Transmission Company (ATC),Complete,2018/12/18,"New circuit, greenfield",Aboveground,345,345, ,0,2018,Permitting Complete,"CPCN, siting and permitting final decision",2026/3/17,Complete,Permitting Complete,MVP-5: N. LaCrosse - N. Madison - Cardinal,Briggs Road,Cardinal,"Briggs Road, North Madison, Cardinal",Wisconsin,WI,MISO,MISO,MTEP11,2011 Multi-Value Projects,180,Estimated,https://www.tdworld.com/grid-innovations/transmission/article/20972036/badger-coulee-transmission-line-placed-in-service,https://www.misoenergy.org/planning/multi-value-projects-mvps/#t=10&p=0&s=Updated&sd=desc
R-0030,P-0027,Badger Creek - Raccoon Trail, ,MidAmerican Energy Company, ,,"New circuit, greenfield", ,345,345, ,0,2026,Not started,Not started,2026/3/17,Not started,Not started, ,Badger Creek (IA),Raccoon Trail,"Badger Creek, Raccoon Trail",Iowa,IA,MISO,MISO,MTEP23, ,11,Estimated,https://www.misoenergy.org/planning/transmission-planning/mtep/#t=10&p=0&s=&sd=, 
R-0031,P-0028,Bayway - Federal Square 230 kV, ,PSEG,Planning,2025/1/1,Upgrade, ,230,230, ,0, , , , , , , ,Bayway,Federal Square,"Bayway, Federal Square",New Jersey,NJ,PJM,PJM, , ,6,Estimated,https://www.pjm.com/planning/m/project-construction, 
R-0032,P-0029,Bearkat - North McCamey - Sand Lake Transmsission Line Addition, ,LCRA Transmission Services Corporation,Planning,2024/12/18,"New circuit, greenfield", ,345,345, ,0,2026,Permitting Underway,"CPCN, siting and permitting final decision",2026/3/17,Permitting Underway,Permitting Complete, ,"Bearkat, North McCamey, Sand Lake",Sand Lake,"Bearkat, Sand Lake",Texas,TX,ERCOT,ERCOT,22RPG010, ,136,Estimated,https://www.ercot.com/gridinfo/planning, 
R-0033,P-0030,Beaumeade - Buttermilk Reconductor, ,Dominion Energy,Complete,2025/2/6,Reconductor, ,230,230, ,0,2023, , , , , , ,Beaumeade,Buttermilk,"Beaumeade, Buttermilk",Virginia,VA,PJM, , , ,1.8,Estimated,https://www.dominionenergy.com/projects-and-facilities/electric-projects/power-line-projects/beaumeade-buttermilk, 
R-0034,P-0031,Beaumeade - Pleasant View 230 kV, ,Dominion Energy,Complete,2025/2/11,Reconductor, ,230,230, ,0,2022, , , , , , ,Beaumeade,Pleasant View,"Beaumeade, Pleasant View",Virginia,VA,PJM, , , ,5,Estimated,https://www.dominionenergy.com/projects-and-facilities/electric-projects/power-line-projects/beaumeade-pleasant-view, 
R-0035,P-0032,BECO to DTC 230 kV, ,Dominion Energy,Construction,2025/2/8,"New circuit, greenfield", ,230,230, ,0,2025, , , , , , ,BECO,DTC,"BECO, DTC",Virginia,VA,PJM, , , ,1.3,Estimated,https://www.dominionenergy.com/projects-and-facilities/electric-projects/power-line-projects/beco-to-dtc, 
R-0036,P-0033,Belle River - Lenox, ,ITC,Complete,2026/4/2,Upgrade, ,345,345, ,0,2025, , , , , , ,Belle River,Lenox,"Belle River, Lenox",Michigan,MI,MISO,MISO,MTEP19, ,20,Estimated,https://www.misoenergy.org/planning/transmission-planning/mtep/#t=10&p=0&s=&sd=, 
R-0037,P-0034,Belmont (New Sub) - Many, ,Cleco, ,,"New circuit, greenfield", ,230,230, ,0,2025, , , , , , ,Belmont,Many,"Belmont, Many",Louisiana,LA,"MISO, SPP",MISO,MTEP22, ,15,Estimated,https://www.misoenergy.org/planning/transmission-planning/mtep/#t=10&p=0&s=&sd=, 
R-0038,P-0035,Bergheim - Fair Oaks Ranch Transmission Line Upgrade, ,LCRA Transmission Services Corporation,Planning,2024/12/18,Reconductor, ,345,345, ,0,2025, , , , , , ,Bergheim,Fair Oaks Ranch,"Bergheim, Fair Oaks, Fair Oaks Ranch",Texas,TX,ERCOT,ERCOT,22RPG005, ,9,Estimated,https://www.ercot.com/gridinfo/planning, 
R-0039,P-0036,Bethel - Round Butte Transmission Upgrade, ,"Portland General Electric, the Confederated Tribes of the Warm Springs Reservation of Oregon",Planning,2025/9/24,Upgrade,Aboveground,500,500, ,0,2033, , , , , , ,Bethel,Round Butte,"Bethel, Round Butte",Oregon,OR,None (Non-RTO West), , , ,99,Estimated,https://portlandgeneral.com/news/2023-12-01-tribal-utility-national-and-state-leaders-gather-in-oregon, 
R-0040,P-0037,Big Eddy - Chemawa 230/500 kV Line Upgrade, ,Bonneville Power Administration,Planning,2024/12/10,Upgrade,Aboveground,500,500, ,0,2032,Not started,Not started,2026/3/17,Not started,Not started, ,Big Eddy,Chemawa,"Big Eddy, Chemawa",Oregon,OR,None (Non-RTO West),Bonneville Power Administration, ,Evolving Grid Projects (EGP) 1.0,117,Estimated,https://www.bpa.gov/-/media/Aep/transmission/evolving-grid/evolving-grid-project-summaries.pdf, 
R-0041,P-0038,Big Eddy - Ostrander Conductor Replacement Project, ,Bonneville Power Administration,Planning,2025/1/30,Reconductor, ,500,500, ,0,2024, , , , , , ,Big Eddy,Ostrander,"Big Eddy, Ostrander",Oregon,OR,None (Non-RTO West), , , ,71,Estimated,https://www.bpa.gov/learn-and-participate/public-involvement-decisions/project-reviews/big-eddy-ostrander-project, 
R-0042,P-0039,Big Eddy - Quenett Creek Upgrade, ,Bonneville Power Administration, ,,Rebuild, ,230,230, ,0, ,Not started,Not started,2026/3/17,Not started,Not started, ,Big Eddy,Quenett Creek,"Big Eddy, Quenett Creek","Oregon, Washington","OR, WA",None (Non-RTO West),Bonneville Power Administration, ,Evolving Grid Projects (EGP) 2.0,7,Estimated,https://www.bpa.gov/-/media/Aep/transmission/evolving-grid/EGP-20-Public-Workshop-17-Oct-2024.pdf, 
R-0043,P-0040,Big Sandy - Burlington 230 kV Uprate, ,Tri-State Generation and Transmission Association,Planning,2023/11/20,Upgrade, ,230,230, ,0,2028, , , , , , ,Big Sandy,Burlington,"Big Sandy, Burlington",Colorado,CO,None (Non-RTO West), , , ,81,Reported,https://tristate.coop/sites/default/files/PDF/StakeholderOutreach-Meeting-Docs/FERC%20890%2011-20-2023.pdf,https://tristate.coop/tri-state-moving-forward-1865-million-transmission-system-upgrades
R-0044,P-0041,Big Stone South to Alexandria Route Options, ,"Otter Tail Power Company, Missouri River Energy Services",Permitting,2024/12/5,"New circuit, greenfield",Aboveground,345,345, ,0,2030,Permitting Underway,"CPCN, siting and permitting underway, completed in one state",2026/3/17,Permitting Underway,Partially Complete,LRTP 02: Big Stone South - Alexandria - Big Oaks (Cassie’s Crossing),Big Stone South,Alexandria,"Big Stone South, Alexandria","Minnesota, South Dakota","MN, SD",MISO,MISO,MTEP21,LRTP Tranche 1,201,Estimated,https://www.bigstonesouthtoalexandria.com/,https://www.misoenergy.org/planning/transmission-planning/mtep/#t=10&p=0&s=&sd=
R-0045,P-0042,Bismarck - Red Run, ,ITC, ,,Reconductor, ,230,230, ,0,2027, , , , , , ,Bismarck (MI),Red Run,"Bismarck, Red Run",Michigan,MI,MISO,MISO,MTEP20, ,7,Estimated,https://www.misoenergy.org/planning/transmission-planning/mtep/#t=10&p=0&s=&sd=, 
R-0046,P-0043,Bison - Colby, ,ITC, ,,"New circuit, greenfield", ,345,345, ,0,2025,Not started,Not started,2026/3/17,Not started,Not started, ,Bison (IA),Colby,"Bison, Colby",Iowa,IA,"MISO, SPP",MISO,MTEP23, ,38,Estimated,https://www.misoenergy.org/planning/transmission-planning/mtep/#t=10&p=0&s=&sd=, 
R-0047,P-0044,Bison - Hankinson - Big Stone South,345 kV (JTIQ), ,Planning,2025/12/2,"New circuit, greenfield", ,345,345, ,0,2034,Not started,"CPCN, siting and permitting underway in one state",2026/3/17,Not started,Permitting Underway, ,Bison (ND2),Big Stone South,"Bison, Hankinson, Big Stone South","Minnesota, North Dakota, South Dakota","MN, ND, SD","MISO, SPP","MISO, SPP", ,Joint Targeted Interconnection Queue (JTIQ) Update,119,Estimated,https://www.spp.org/documents/71208/jtiq%20revision%20request%20kickoff%20022624%20final.pdf, 
R-0048,P-0045,Blackberry - Iron Range, ,Minnesota Power, ,,Rebuild,Aboveground,230,230, ,0,2025, , , , , , ,Blackberry (MN),Iron Range,"Blackberry, Iron Range",Minnesota,MN,MISO,MISO,MTEP22, ,0.9,Estimated,https://www.misoenergy.org/planning/transmission-planning/mtep/#t=10&p=0&s=&sd=, 
R-0049,P-0046,Blackberry - Wolf Creek 345 kV, ,NextEra Energy Transmission,Construction,2025/5/20,"New circuit, greenfield", ,345,345, ,0,2025,Permitting Underway,"CPCN, siting and permitting final decision",2026/3/17,Permitting Underway,Permitting Complete, ,Blackberry (MO),Wolf Creek (KS),"Blackberry, Wolf Creek","Kansas, Missouri","KS, MO",SPP,SPP,2019 ITP, ,94,Estimated,https://www.nexteraenergytransmission.com/subsidiaries/neetsw/projects/wolf-creek-blackberry.html,https://www.spp.org/spp-documents-filings/?id=18641
R-0050,P-0047,Blackwell Road 230 kV Project, ,Dominion Energy,Permitting,2025/2/10,"New circuit, greenfield", ,230,230, ,0, , , , , , , ,Blackwell Road Option 1,NA - none shown,"Blackwell Road Option 1, Blackwell Road Option 2",Virginia,VA,PJM, , , ,3.9,Estimated,https://cdn-dominionenergy-prd-001.azureedge.net/-/media/pdfs/global/projects-and-facilities/electric-projects/power-line-projects/blackwell-road/blackwell-underground-route-detail-map.pdf?la=en&rev=a0692f7aac914f8ab210c0963e70277b&hash=76E0481954FC69B96, 
R-0051,P-0048,Bland - Franks, ,Ameren Missouri, ,,Rebuild, ,345,345, ,0,2026, , , , , , ,Bland,Franks,"Bland, Franks",Missouri,MO,MISO,MISO,MTEP20, ,44,Estimated,https://www.misoenergy.org/planning/transmission-planning/mtep/#t=10&p=0&s=&sd=, 
R-0052,P-0049,Blitz - Rockdale, ,American Transmission Company (ATC),Planning,2026/6/24,Upgrade, ,345,345, ,0,2027, , , , , , ,Blitz,Rockdale,"Blitz, Rockdale",Wisconsin,WI,MISO,MISO,MTEP23, ,1,Reported,https://www.misoenergy.org/planning/transmission-planning/mtep/#t=10&p=0&s=&sd=, 
R-0053,P-0050,Boardman to Hemingway, ,"Idaho Power, PacifiCorp",Construction,2026/4/2,"New circuit, greenfield",Aboveground,500,500,AC,1000,2027,ROD Issued,"CPCN, siting and permitting final decision",2026/3/17,Record of Decision Issued,Permitting Complete, ,Longhorn (OR),Hemingway,"Longhorn, Hemingway","Idaho, Oregon","ID, OR",None (Non-RTO West), , , ,294,Estimated,https://www.idahopower.com/energy-environment/energy/planning-and-electrical-projects/current-projects/boardman-to-hemingway/,https://eplanning.blm.gov/eplanning-ui/project/68150/510
R-0054,P-0051,Boerne Split - Welfare Transmission Line Upgrade, ,LCRA Transmission Services Corporation,Planning,2024/12/18,Upgrade, ,345,345, ,0,2025, , , , , , ,Boerne,Welfare,"Boerne, Welfare",Texas,TX,ERCOT,ERCOT,22RPG005, ,10,Estimated,https://www.ercot.com/gridinfo/planning, 
R-0055,P-0052,Bondurant - Montezuma, ,MidAmerican Energy Company, ,,Upgrade, ,345,345, ,0,2023, , , , , , ,Bondurant,Montezuma Switching Station,"Bondurant, Montezuma Switching Station",Iowa,IA,MISO,MISO,MTEP22, ,50,Estimated,https://www.misoenergy.org/planning/transmission-planning/mtep/#t=10&p=0&s=&sd=, 
R-0056,P-0053,Borden - Storey 230 kV Line Reconductoring, ,Pacific Gas and Electric Company (PG&E),Planning,2024/5/23,Reconductor, ,230,230, ,0,2029, , , , , , ,Borden,Storey,"Borden, Storey",California,CA,CAISO,CAISO, , ,5,Estimated,https://www.caiso.com/documents/iso-board-approved-2023-2024-transmission-plan.pdf, 
R-0057,P-0054,Bouse Upgrade Project,New 230 kV Transmission Line,​​​​Western Area Power Administration (WAPA),"Engineering, design, and routing",2024/12/3,"New circuit, greenfield",Aboveground,230,230, ,0, , , , , , , ,Bouse, ,Bouse,Arizona,AZ,None (Non-RTO West), , , ,18,Estimated,https://www.wapa.gov/about-wapa/regions/dsw/environment/bouse-upgrade-project/, 
R-0058,P-0055,Bowmont to Hubbard 230 - kilovolt Line Upgrade, ,Idaho Power,"Engineering, design, and routing",2026/3/6,"New circuit, existing ROW",Aboveground,230,230, ,0,2026, , , , , , ,Bowmont,Hubbard,"Bowmont, Hubbard",Idaho,ID,None (Non-RTO West),WestTEC,WestTec 10 Yr Plan,Base Case,16,Estimated,https://www.idahopower.com/energy-environment/energy/planning-and-electrical-projects/current-projects/bowmont-hubbard-transmission-line/,https://www.westernpowerpool.org/private-media/documents/WestTEC_10-year_Full_Report.pdf
R-0059,P-0056,Boyette Road to CR 672, ,Tampa Electric,Construction,2025/2/10,"New circuit, greenfield", ,230,230, ,0, , , , , , , ,NA - none listed,CR 672,CR 672,Florida,FL,None (Southeast), , , ,10,Estimated,https://www.tampaelectric.com/company/ourpowersystem/projects/powerlines/boyetteroadtoCR672substation/, 
R-0060,P-0057,Bristers - Minnieville Reconductor, ,Dominion Energy,Construction,2025/2/8,Reconductor, ,230,230, ,0,2025, , , , , , ,Bristers,Lindendale D.P. (Minnieville),"Bristers, Lindendale D.P. (Minnieville)",Virginia,VA,PJM, , , ,16,Estimated,https://www.dominionenergy.com/projects-and-facilities/electric-projects/power-line-projects/bristers-minnieville, 
R-0061,P-0058,Bristers Ladysmith, ,Dominion Energy,Complete,2025/2/6,Rebuild, ,500,500, ,0,2024, , , , , , ,Bristers,Ladysmith,"Bristers, Ladysmith",Virginia,VA,PJM, , , ,37,Reported,https://www.dominionenergy.com/projects-and-facilities/electric-projects/power-line-projects/bristers-ladysmith, 
R-0062,P-0059,Lyon County - Lakefield Junction,345 kV (JTIQ), ,Planning,2025/12/2,"New circuit, greenfield", ,345,345, ,0, ,Not started,Not started,2026/3/17,Not started,Not started, ,Lyon County,Lakefield Junction,"Lyon County, Lakefield Junction","Minnesota, South Dakota","MN, SD","MISO, SPP","MISO, SPP", ,Joint Targeted Interconnection Queue (JTIQ) Update,61,Estimated,https://www.spp.org/documents/71208/jtiq%20revision%20request%20kickoff%20022624%20final.pdf, 
R-0063,P-0060,Brookings County - Lyon County, ,Xcel Energy,Planning,2026/6/24,"New circuit, existing ROW",Aboveground,345,345, ,0,2030,Permitting Underway,"CPCN, siting and permitting final decision",2026/3/17,Permitting Underway,Permitting Complete, ,Brookings County,Lyon County,"Brookings County, Lyon County","Minnesota, South Dakota","MN, SD","MISO, SPP",MISO,MTEP22, ,60,Estimated,https://apps.commerce.state.mn.us/web/project-file/12737, 
R-0064,P-0061,Brooklyn Clean Energy Hub - Farragut 345 kV, ,Con Edison,Planning,2025/10/14,"New circuit, greenfield", ,345,345, ,0,2028,Not started,Not started,2026/3/17,Not started,Not started, ,Rainey,Brooklyn Clean Energy Hub,"Rainey, East 13th Street, Farragut, Brooklyn Clean Energy Hub",New York,NY,NYISO,NYISO, , ,0.1,Estimated,https://www.nyiso.com/planning-reliability-compliance, 
R-0065,P-0062,"Brooksville West, Mondon Hill, Bushnell East", ,Duke Energy,Construction,2025/2/11,Upgrade, ,115,230, ,0,2025, , , , , , ,Brooksville West,Bushnell East,"Brooksville West, Mondon Hill, Bushnell East",Florida,FL,None (Southeast), , , ,30,Estimated,https://www.duke-energy.com/our-company/about-us/electric-transmission-projects/mondon-hill, 
R-0066,P-0063,Brownstown - Monroe, ,ITC,Complete,2026/4/2,Upgrade,Aboveground,345,345, ,0,2028, , , , , , ,Brownstown,Monroe (MI),"Brownstown, Monroe",Michigan,MI,"MISO, PJM",MISO,MTEP23, ,16,Estimated,https://www.misoenergy.org/planning/transmission-planning/mtep/#t=10&p=0&s=&sd=, 
R-0067,P-0064,Brownstown - Navarre, ,ITC, ,,Upgrade, ,230,230, ,0,2027, , , , , , ,Brownstone,Navarre,"Brownstone, Navarre",Michigan,MI,MISO,MISO,MTEP20, ,14,Estimated,https://www.misoenergy.org/planning/transmission-planning/mtep/#t=10&p=0&s=&sd=, 
R-0068,P-0065,Butler Farm, ,Dominion Energy,Permitting,2025/2/6,"New circuit, greenfield", ,230,230, ,0,2026, , , , , , ,Clover (VA),Butler Farm,"Clover, Butler Farm",Virginia,VA,PJM, , , ,19,Estimated,https://www.dominionenergy.com/projects-and-facilities/electric-projects/power-line-projects/butler-farm, 
R-0069,P-0066,Byron - Nelson 345 kV Line, ,Commonwealth Edison,Planning,2025/1/1,"New circuit, existing ROW", ,345,345, ,0, ,Not started,Not started,2026/3/17,Not started,Not started, ,Byron,Nelson,"Byron, Nelson",Illinois,IL,PJM,PJM, , ,33,Estimated,https://www.pjm.com/planning/m/project-construction, 
R-0070,P-0067,Byron - Wayne New 345 kV Line, ,Commonwealth Edison,Planning,2025/1/1,"New circuit, existing ROW", ,345,345, ,0, ,Not started,"CPCN, siting and permitting final decision",2026/3/17,Not started,Permitting Complete, ,Byron,Wayne (IL),"Byron, Wayne",Illinois,IL,"PJM, MISO",PJM, , ,82,Estimated,https://www.pjm.com/planning/m/project-construction, 
R-0071,P-0068,Byron - Wayne Second 345 kV Line, ,Commonwealth Edison,Planning,2025/1/1,"New circuit, existing ROW", ,345,345, ,0, ,Not started,"CPCN, siting and permitting final decision",2026/3/17,Not started,Permitting Complete, ,Byron,Wayne (IL),"Byron, Wayne",Illinois,IL,"PJM, MISO",PJM, , ,82,Estimated,https://www.pjm.com/planning/m/project-construction, 
R-0072,P-0069,Cannon Branch - Winters Branch 230 kV Line Extension, ,Dominion Energy,Construction,2025/2/8,"New circuit, existing ROW", ,230,230, ,0,2026, , , , , , ,Cannon Branch,Winters Branch,"Cannon Branch, Brickyard, Winters Branch",Virginia,VA,PJM, , , ,1.2,Estimated,"https://www.dominionenergy.com/projects-and-facilities/electric-projects/power-line-projects/cannon-branch-winters-branch#:~:text=Project%20Overview&text=This%20project%20involves%20extending%20an,in%20Prince%20William%20County%2C%20Virginia.", 
R-0073,P-0070,Cape Cod Solution Phase II, ,Eversource,Construction,2026/6/24,Upgrade,Aboveground,345,345, ,0,2029, , , , , , ,Bourne Switching Station,West Barnstable,"Bourne Switching Station, West Barnstable",Massachusetts,MA,ISO-NE,ISO-NE, , ,13,Estimated,https://www.eversource.com/content/residential/about/transmission-distribution/projects/massachusetts-projects/cape-cod-solution/cape-cod-solution-phase-2,https://www.iso-ne.com/system-planning/system-plans-studies/rsp/rsp-project-list-and-the-asset-condition-list
R-0074,P-0071,Cape Fear - West End Line Rebuild, ,Duke Energy,Permitting,2025/2/6,Rebuild, ,230,230, ,0,2026, , , , , , ,Cape Fear,West End,"Cape Fear, West End",North Carolina,NC,None (Southeast), , , ,27,Reported,https://edocs.deq.nc.gov/WaterResources/Browse.aspx?dbid=0&startid=2870794&cr=1, 
R-0075,P-0072,Cardinal - Hickory Creek, ,"ITC Midwest, ATC, Dairyland Power Cooperative",Complete,2024/9/27,"New circuit, greenfield",Aboveground,345,345, ,0,2024,ROD issued,"CPCN, siting and permitting final decision",2026/3/17,Record of Decision Issued,Permitting Complete,MVP-5: Cardinal - Hickory Creek,Cardinal,Hickory Creek,"Cardinal, Eden, Hill Valley, Turkey River, Hickory Creek","Iowa, Wisconsin","IA, WI",MISO,MISO,MTEP11,2011 Multi-Value Projects,102,Estimated,https://www.cardinal-hickorycreek.com/news-and-updates/,https://www.misoenergy.org/planning/multi-value-projects-mvps/#t=10&p=0&s=Updated&sd=desc
R-0076,P-0073,Carmel Church 230 kV Electric Transmission Project, ,Dominion Energy,Permitting,2025/2/6,"New circuit, greenfield", ,230,230, ,0,2027, , , , , , ,Carmel Church,NA - none,Carmel Church,Virginia,VA,PJM, , , ,2.5,Estimated,https://www.dominionenergy.com/projects-and-facilities/electric-projects/power-line-projects/carmel-church-ruther-glen, 
R-0077,P-0074,Carson - Locks Rebuild and Reconductor, ,Dominion Energy,Construction,2025/2/6,Rebuild; Reconductor,Aboveground,230,230, ,0,2025, , , , , , ,Carson,Locks,"Carson, Locks",Virginia,VA,PJM, , , ,10.34,Reported,https://www.dominionenergy.com/projects-and-facilities/electric-projects/power-line-projects/carson-locks, 
R-0078,P-0075,Carson - Reams Rebuild, ,Dominion Energy,Permitting,2025/2/6,Rebuild,Aboveground,230,230, ,0, , , , , , , ,Carson,Reams,"Carson, Reams",Virginia,VA,PJM, , , ,1.2,Estimated,https://www.dominionenergy.com/projects-and-facilities/electric-projects/power-line-projects/carson-reams, 
R-0079,P-0076,Cascade Renewable Transmission, ,"PowerBridge LLC, Sun2o Partners LLC",Permitting,,"New circuit, greenfield",Underground,320,400,DC,1100,2028,Permitting Underway,"CPCN, siting and permitting underway",2026/3/17,Permitting Underway,Permitting Underway, ,Harborton,Big Eddty,"Harborton, Big Eddty","Oregon, Washington","OR, WA",None (Non-RTO West), , , ,103,Estimated,https://www.cascaderenewable.com/, 
R-0080,P-0077,Castle 230 kV Transmission Line and Substation Project, ,Entergy,Construction,2025/2/5,"New circuit, greenfield",Aboveground,230,230, ,0,2024, , , , , , ,Castle,NA (Cut in to line),Castle,Texas,TX,"ERCOT, MISO",MISO, , ,7,Estimated,https://interchange.puc.texas.gov/Documents/52304_168_1231545.PDF, 
R-0081,P-0078,Cattleman - Longshore 345 kV Double - Circuit Line Rebuild, ,Oncor,Planning,2024/12/18,Rebuild, ,345,345, ,0,2028, , , , , , ,Morgan Creek (Cattleman),Longshore,"Morgan Creek (Cattleman), Longshore",Texas,TX,ERCOT,ERCOT,23RPG029, ,37,Estimated,https://www.ercot.com/gridinfo/planning, 
R-0082,P-0079,Cayuga Generating Station - Nucor, ,Duke Energy Indiana, ,2026/6/24,Upgrade,Aboveground,345,345, ,0,2029, , , , , , ,Cayuga,Nucor,"Cayuga, Nucor",Indiana,IN,"MISO, PJM",MISO,MTEP23, ,32,Estimated,https://www.misoenergy.org/planning/transmission-planning/mtep/#t=10&p=0&s=&sd=, 
R-0083,P-0080,CBEC - Pony Creek, ,MidAmerican Energy Company, ,,Rebuild, ,345,345, ,0,2027, , , , , , ,Walter Scott Energy Center,Pony Creek,"Walter Scott Energy Center, Pony Creek",Iowa,IA,"MISO, SPP",MISO,MTEP23, ,2.9,Estimated,https://www.misoenergy.org/planning/transmission-planning/mtep/#t=10&p=0&s=&sd=, 
R-0084,P-0081,Cenizo to Cruce: Construct New 345 kV Double Circuit Line, ,"AEP Texas, Electric Transmission Texas (ETT)",Construction,2026/6/24,"New circuit, greenfield", ,345,345, ,0,2026,Permitting Underway,"CPCN, siting and permitting final decision",2026/3/17,Permitting Underway,Permitting Complete, ,Cenizo,Cruce,"Cenizo, Cruce",Texas,TX,ERCOT,ERCOT,21RPG017, ,61,Estimated,https://www.aeptransmission.com/texas/Cenizo-Cruce/,https://www.ercot.com/gridinfo/planning
R-0085,P-0082,Central East Energy Connect, ,"LS Power Grid New York, New York Power Authority",Construction,2025/1/28,Upgrade,Aboveground,345,345, ,0,2023, , , , , , ,Edic,New Scotland,"Edic, Princetown, Rotterdam 2, New Scotland",New York,NY,NYISO, , , ,93,Reported,https://www.lspgridnewyork.com/wp-content/uploads/2021/06/LS-Power-Grid-New-York-Overview-Handout-R3-Final.pdf, 
R-0086,P-0083,Central Illinois Grid Transformation Program,138 kV Connector,"Ameren Transmission Company of Illinois (ATXI), Ameren Illinois",Permitting,2024/11/27,"New circuit, existing ROW",Aboveground,138,138, ,0,2029,Permitting Underway,"CPCN, siting and permitting final decision",2026/3/17,Permitting Underway,Permitting Complete,LRTP 14: Ipava - Maple Ridge - Tazewell - Brokaw - Paxton East,Macomb 1,Macomb 2,"Macomb 1, Macomb 2",Illinois,IL,MISO,MISO,MTEP21,LRTP Tranche 1,8,Estimated,https://www.ameren.com/company/ameren-transmission/central-illinois-grid-transformation-program,https://www.misoenergy.org/planning/transmission-planning/mtep/#t=10&p=0&s=&sd=
R-0087,P-0083,Central Illinois Grid Transformation Program,Route Options,"Ameren Transmission Company of Illinois (ATXI), Ameren Illinois",Permitting,2024/11/27,"New circuit, greenfield",Aboveground,138,345, ,0,2029,Permitting Underway,"CPCN, siting and permitting underway, completed in one state",2025/12/8,Permitting Underway,Partially Complete,LRTP 14: Ipava - Maple Ridge - Tazewell - Brokaw - Paxton East,NA - Line Interconnection,NA - Line Interconnection, ,Illinois,IL,MISO,MISO,MTEP21,LRTP Tranche 1,44,Estimated,https://www.ameren.com/company/ameren-transmission/central-illinois-grid-transformation-program,https://www.misoenergy.org/planning/transmission-planning/mtep/#t=10&p=0&s=&sd=
R-0088,P-0083,Central Illinois Grid Transformation Program,Proposed Route,"Ameren Transmission Company of Illinois (ATXI), Ameren Illinois",Permitting,2024/11/27,"New circuit, existing ROW; New circuit, greenfield; Upgrade",Aboveground,138,345, ,0,2029,Permitting Underway,"CPCN, siting and permitting underway, completed in one state",2025/12/8,Permitting Underway,Partially Complete,LRTP 14: Ipava - Maple Ridge - Tazewell - Brokaw - Paxton East,Meredosia,Crossbuck,"Meredosia, Ipava, Maple Ridge, Tazewll, Radbourn, Sidney, Plackett, Crossbuck","Illinois, Indiana","IL, IN",MISO,MISO,MTEP21,LRTP Tranche 1,342,Estimated,https://www.ameren.com/company/ameren-transmission/central-illinois-grid-transformation-program,https://www.misoenergy.org/planning/transmission-planning/mtep/#t=10&p=0&s=&sd=
R-0095,P-0085,Champlain Hudson Power Express,Terrestrial,Transmission Developers Inc (TDI),Construction,2025/1/29,"New circuit, greenfield",Underground,300,320,DC,1250,2026,Permitting Complete,"CPCN, siting and permitting final decision",2026/3/17,Complete,Permitting Complete, ,None (line interconnection),Astoria Converter Station,Astoria Converter Station,New York,NY,NYISO,NYISO, , ,190,Estimated,https://chpexpress.com/, 
R-0096,P-0085,Champlain Hudson Power Express,Submarine,Transmission Developers Inc (TDI),Construction,2025/1/29,"New circuit, greenfield",Underground,300,320,DC,1250,2026,Permitting Complete,"CPCN, siting and permitting final decision",2025/12/8,Complete,Permitting Complete, ,None (line interconnection),Astoria Converter Station,Astoria Converter Station,"New York, Vermont","NY, VT",NYISO,NYISO, , ,192,Estimated,https://chpexpress.com/, 
R-0097,P-0085,Champlain Hudson Power Express,Astoria Rainey Cable (Terrestrial),Transmission Developers Inc (TDI),Construction,2025/1/29,"New circuit, greenfield",Underground,300,320,AC,1250,2026,Permitting Complete,"CPCN, siting and permitting final decision",2025/12/8,Complete,Permitting Complete, ,Astoria Converter Station,Rainey,"Astoria Converter Station, East Astoria, Rainey",New York,NY,NYISO,NYISO, , ,3.5,Reported,https://chpexpress.com/, 
R-0098,P-0086,Chase City - Cloud 230 kV, ,Dominion Energy,Complete,2025/8/25,"New circuit, greenfield", ,230,230, ,0,2024, , , , , , ,Chase City,Cloud,"Chase City, Cloud",Virginia,VA,PJM,PJM, , ,15,Estimated,https://www.dominionenergy.com/projects-and-facilities/electric-projects/power-line-projects/chase-city-to-cloud,https://www.pjm.com/planning/m/project-construction
R-0099,P-0087,Chehalis - Covington 230 kV Line Upgrade, ,Bonneville Power Administration, ,2026/3/6,Upgrade,Aboveground,230,230, ,0,2028,Not started,Not started,2026/3/17,Not started,Not started, ,Chehalis,Covington,"Chehalis, Covington",Washington,WA,None (Non-RTO West),Bonneville Power Administration, ,Evolving Grid Projects (EGP) 1.0,70,Estimated,https://www.bpa.gov/-/media/Aep/transmission/evolving-grid/EGP-10-Project-Summaries.pdf,https://www.westernpowerpool.org/private-media/documents/WestTEC_10-year_Full_Report.pdf
R-0100,P-0088,Chesterfield - Allied Rebuild, ,Dominion Energy,Complete,2025/2/11,Rebuild, ,230,230, ,0,2022, , , , , , ,NA - ties in to existing line,NA - ties in to existing line, ,Virginia,VA,PJM, , , ,2.9,Estimated,https://www.dominionenergy.com/projects-and-facilities/electric-projects/power-line-projects/chesterfield-allied/documents, 
R-0101,P-0089,Choctaw - Wolf Creek, ,Entergy MS, ,,"New circuit, greenfield", ,500,500, ,0,2025,Not started,Not started,2026/3/17,Not started,Not started, ,Choctaw,Wolf Creek (MS),"Choctaw, Wolf Creek",Mississippi,MS,MISO,MISO,MTEP22, ,0.1,Estimated,https://www.misoenergy.org/planning/transmission-planning/mtep/#t=10&p=0&s=&sd=, 
R-0102,P-0090,Cimarron Link, ,Invenergy,Planning,2025/11/25,"New circuit, greenfield",Aboveground,500,500,DC,1900,2028, , , , , , ,Not yet determined,Not yet determined, ,Oklahoma,OK,SPP,Merchant, , ,400,Reported,https://cimarronlink.com/, 
R-0103,P-0091,CIP-Hopkins, ,Dominion Energy,Permitting,2025/3/5,Rebuild,Aboveground,230,230, ,0,2025, , , , , , ,Columbia Industrial Park,Hopkins,"Columbia Industrial Park, Hopkins",South Carolina,SC,None (Southeast), , , ,7,Estimated,https://www.dominionenergy.com/projects-and-facilities/electric-projects/power-line-projects/cip-hopkins, 
R-0104,P-0092,Cirrus - Keyser 230 kV Transmission Line Rebuild, ,Dominion Energy,Permitting,2025/2/10,Rebuild, ,230,230, ,0,2025, , , , , , ,Mountain Run,NA - ties in to existing line,Mountain Run,Virginia,VA,PJM, , , ,5,Estimated,https://www.dominionenergy.com/projects-and-facilities/electric-projects/power-line-projects/cirrus-keyser, 
R-0105,P-0093,Clark - Idylwood Reconductor, ,Dominion Energy,Construction,2025/2/6,Reconductor, ,230,230, ,0,2025, , , , , , ,Clark,Idylwood,"Clark, Idylwood",Virginia,VA,PJM, , , ,4,Reported,https://www.dominionenergy.com/projects-and-facilities/electric-projects/power-line-projects/clark-idylwood, 
R-0106,P-0094,Clean Path NY, ,"New York Power Authority, Invenergy, energyRe",Terminated,2025/1/28,"New circuit, greenfield",Underground,345,400, ,1300,2027,Permitting Underway,"CPCN, siting and permitting underway",2026/3/17,Permitting Underway,Permitting Underway, ,Rainey,Fraser,"Rainey, Fraser",New York,NY,NYISO, , , ,176,Estimated,https://www.cleanpathny.com/, 
R-0107,P-0095,Clifton - Winters Branch Rebuild, ,Dominion Energy,Construction,2025/2/8,Rebuild, ,230,230, ,0,2026, , , , , , ,Clifton,Cannon Branch,"Clifton, Cannon Branch",Virginia,VA,PJM, , , ,7.25,Reported,https://www.dominionenergy.com/projects-and-facilities/electric-projects/power-line-projects/clifton-winters-branch, 
R-0108,P-0096,Clinton - Goose Creek, ,Ameren Illinois, ,,Rebuild, ,345,345, ,0,2024, , , , , , ,Clinton,Goose Creek (IL),"Clinton, Goose Creek",Illinois,IL,MISO,MISO,MTEP23, ,13,Estimated,https://www.misoenergy.org/planning/transmission-planning/mtep/#t=10&p=0&s=&sd=, 
R-0109,P-0097,Clinton - Oreana, ,Ameren Illinois, ,,Rebuild, ,345,345, ,0,2024, , , , , , ,Clinton,Oreana,"Clinton, Oreana",Illinois,IL,MISO,MISO,MTEP23, ,21,Estimated,https://www.misoenergy.org/planning/transmission-planning/mtep/#t=10&p=0&s=&sd=, 
R-0110,P-0098,Clover - Chase City Rebuild, ,Dominion Energy,Permitting,2025/2/6,Rebuild; Reconductor,Aboveground,230,230, ,0,2026, , , , , , ,Clover (VA),Chase City,"Clover, Chase City",Virginia,VA,PJM, , , ,16,Reported,"https://www.dominionenergy.com/projects-and-facilities/electric-projects/power-line-projects/clover-chase-city#:~:text=The%20Clover%2DChase%20City%20230,west%20of%20the%20Chase%20City", 
R-0111,P-0099,Clover - Sigurd 345 kV, ,PacifiCorp,Planning,2026/3/6,"New circuit, greenfield",Aboveground,345,345, ,0, ,Not started,Not started,2026/3/17,Not started,Not started, ,Clover (UT),Sigurd,"Clover, Sigurd",Utah,UT,None (Non-RTO West),WestTEC,WestTec 10 Yr Plan,Base Case,69.2,Estimated,https://le.utah.gov/interim/2021/pdf/00002055.pdf,https://www.westernpowerpool.org/private-media/documents/WestTEC_10-year_Full_Report.pdf
R-0112,P-0100,Cloverhill Loop 230 kV Upgrade, ,Dominion Energy,Construction,2025/2/10,Upgrade, ,230,230, ,0,2025, , , , , , ,Cloverhill,Winters Branch,"Cloverhill, Winters Branch",Virginia,VA,PJM, , , ,1.2,Estimated,https://www.dominionenergy.com/projects-and-facilities/electric-projects/power-line-projects/cloverhill-loop, 
R-0113,P-0101,Cloverhill to Ox 230 kV Line, ,Dominion Energy,"Engineering, design, and routing",2025/8/14,"New circuit, greenfield", ,230,230, ,0,2029, , , , , , ,Cloverhill,Ox,"Cloverhill, Ox",Virginia,VA,PJM,PJM, , ,24.5,Reported,https://www.pjm.com/planning/m/project-construction, 
R-0114,P-0102,Clubhouse to Lakeview 230 kV Rebuild, ,Duke Energy,Complete,2025/2/11,Rebuild, ,230,230, ,0,2023, , , , , , ,Clubhouse,Lakeview,"Clubhouse, Lakeview","North Carolina, Virginia","NC, VA",PJM, , , ,18,Estimated,https://www.dominionenergy.com/projects-and-facilities/electric-projects/power-line-projects/line-254, 
R-0115,P-0103,Coffeen North - Roxford, ,Ameren Illinois, ,,Reconductor, ,345,345, ,0,2026, , , , , , ,Coffeen N,Roxford,"Coffeen N, Roxford",Illinois,IL,MISO, , , ,50,Estimated,https://www.misoenergy.org/planning/transmission-planning/mtep/#t=10&p=0&s=&sd=, 
R-0116,P-0104,Colorado River - Red Bluff 500 kV Line Upgrade, ,Southern California Edsion,Planning,2024/5/23,Upgrade, ,500,500, ,0,2028, , , , , , ,Colorado River,Red Bluff,"Colorado River, Red Bluff",California,CA,CAISO,CAISO, , ,32,Estimated,https://www.caiso.com/documents/iso-board-approved-2023-2024-transmission-plan.pdf, 
R-0117,P-0105,Colorado's Power Pathway, ,Xcel Energy,Construction,2025/1/28,"New circuit, greenfield",Aboveground,345,345, ,0,2027,Permitting Underway,"CPCN, siting and permitting final decision",2026/3/17,Permitting Underway,Permitting Complete, ,Fort St Vrain,Longhorn,"Fort St Vrain, Canal Crossing, Goose Creek, Sandstone, May Valley, Harvest Mile, Longhorn",Colorado,CO,SPP, , , ,583,Estimated,https://www.coloradospowerpathway.com/, 
R-0118,P-0106,Columbia - North Madison, ,American Transmission Company (ATC), ,,Upgrade,Aboveground,345,345, ,0,2026, , , , , , ,Columbia (WI),North Madison,"Columbia, North Madison",Wisconsin,WI,MISO,MISO,MTEP23, ,17,Estimated,https://www.misoenergy.org/planning/transmission-planning/mtep/#t=10&p=0&s=&sd=, 
R-0119,P-0107,Commodore - Churchill, ,Entergy, ,,"New circuit, greenfield", ,500,500, ,0,2029,Not started,"CPCN, siting and permitting underway",2026/3/17,Not started,Permitting Underway, ,Commodore,Churchill,"Commodore, Churchill",Louisiana,LA,MISO,MISO,MTEP23, ,69,Estimated,https://cdn.misoenergy.org/20230906%20SSPM3%20Item%2003c-2%20Louisiana%20Proposed%20Projects630081.pdf,https://www.misoenergy.org/planning/transmission-planning/mtep/#t=10&p=0&s=&sd=
R-0120,P-0108,Commodore - Waterford, ,Entergy, ,,"New circuit, greenfield", ,230,230, ,0,2027, , , , , , ,Commodore,Waterford,"Commodore, Waterford",Louisiana,LA,MISO,MISO,MTEP23, ,48,Estimated,https://cdn.misoenergy.org/20230906%20SSPM3%20Item%2003c-2%20Louisiana%20Proposed%20Projects630081.pdf,https://www.misoenergy.org/planning/transmission-planning/mtep/#t=10&p=0&s=&sd=
R-0121,P-0109,Conastone - Doubs 500 kV, ,PSEG,"Engineering, design, and routing",2025/1/1,"New circuit, greenfield", ,500,500, ,0,2027,Permitting Underway,"CPCN, siting and permitting underway",2026/3/17,Permitting Underway,Permitting Underway, ,Conastone,Doubs,"Conastone, Doubs",Maryland,MD,PJM,PJM, , ,69.5,Reported,https://www.pjm.com/planning/m/project-construction, 
R-0131,P-0111,Consavvy - Odessa EHV 345 kV Double Circuit Line Rebuild, ,Oncor,Planning,2024/12/18,Rebuild, ,345,345, ,0,2028, , , , , , ,Consavvy,Odessa,"Consavvy, Odessa",Texas,TX,"ERCOT, SPP",ERCOT, , ,23,Estimated,https://www.ercot.com/gridinfo/planning, 
R-0132,P-0112,Cookstown - Larrabee 230 kV, ,Jersey Central Power & Light,Construction,2025/1/1,"New circuit, greenfield", ,230,230, ,0,2024, , , , , , ,Cookstown,Larrabee,"Cookstown, Larrabee",New Jersey,NJ,PJM,PJM, , ,19,Estimated,https://www.pjm.com/planning/m/project-construction, 
R-0133,P-0113,Cookstown - Whiting 230 kV, ,Jersey Central Power & Light,Construction,2025/1/1,"New circuit, greenfield", ,230,230, ,0,2024, , , , , , ,Cookstown,Whiting,"Cookstown, Whiting",New Jersey,NJ,PJM,PJM, , ,12,Estimated,https://www.pjm.com/planning/m/project-construction, 
R-0134,P-0114,Cooper - North Delta (Bramah) 500 kV, ,PECO,"Engineering, design, and routing",2025/1/1,"New circuit, greenfield", ,500,500, ,0,2028,Not started,Not started,2026/3/17,Not started,Not started, ,Cooper,North Delta (Bramah),"Cooper, North Delta (Bramah)",Pennsylvania,PA,PJM,PJM, , ,0.5,Estimated,https://www.pjm.com/planning/m/project-construction, 
R-0135,P-0115,Coopers Mills to Maine Yankee 345 kV line, ,Central Maine Power Company,Construction,2024/10/1,"New circuit, greenfield", ,345,345, ,0,2025,Permitting Complete,"CPCN, siting and permitting final decision",2026/3/17,Complete,Permitting Complete, ,Coopers Mills,Maine Yankee,"Coopers Mills, Maine Yankee",Maine,ME,ISO-NE,ISO-NE, , ,25,Estimated,https://www.iso-ne.com/system-planning/system-plans-studies/rsp/rsp-project-list-and-the-asset-condition-list, 
R-0136,P-0116,Corral to Grassland Annex 500kV Line, ,PacifiCorp,Planning,2026/3/6,"New circuit, greenfield",Aboveground,500,500, ,0, ,Not started,Not started,2026/3/17,Not started,Not started, ,Corral,Grassland Annex,"Corral, Grassland Annex",Oregon,OR,None (Non-RTO West), , , ,115,Estimated,https://www.oasis.oati.com/woa/docs/PPW/PPWdocs/2022CA20CS2.pdf, 
R-0137,P-0117,Corral to Snow Goose 500kV Line, ,PacifiCorp,Planning,2026/3/5,"New circuit, greenfield",Aboveground,500,500, ,0, ,Not started,Not started,2026/3/17,Not started,Not started, ,Corral,Snow Goose,"Corral, Snow Goose",Oregon,OR,None (Non-RTO West), , , ,149,Estimated,https://www.oasis.oati.com/woa/docs/PPW/PPWdocs/2022CA20CS2.pdf, 
R-0138,P-0118,CPSE Howard to San Miguel Double Circuit Line Addition, ,CPS Energy,Planning,2024/12/18,"New circuit, greenfield", ,345,345, ,0,2027,Permitting Underway,"CPCN, siting and permitting final decision",2026/3/17,Permitting Underway,Permitting Complete, ,Howard,San Miguel,"Howard, San Miguel",Texas,TX,ERCOT,ERCOT, , ,40,Estimated,https://www.cpsenergy.com/en/about-us/new-infrastructure/Howard-to-San-Miguel-Transmission.html,https://www.ercot.com/gridinfo/planning
R-0139,P-0119,Craggy - Enka Reliability Project, ,Duke Energy,Construction,2025/1/29,Upgrade, ,230,230, ,0,2025, , , , , , ,Craggy,Enka,"Craggy, Enka",North Carolina,NC,None (Southeast), , , ,9,Reported,https://www.duke-energy.com/our-company/about-us/electric-transmission-projects/craggy-enka, 
R-0140,P-0120,Crossroads - Hobbs - Roadrunner, ,Nextera Energy,"Engineering, design, and routing",2025/5/20,"New circuit, greenfield", ,345,345, ,0,2026,Draft EIS/EIA,Not started,2026/3/17,Permitting Underway,Not started, ,Crossroads,Roadrunner,"Crossroads, Hobbs, Roadrunner",New Mexico,NM,SPP,SPP,2021 ITP, ,135,Reported,https://www.nexteraenergytransmission.com/subsidiaries/neetsw/projects/crossroads-hobbs-roadrunner.html, 
R-0141,P-0121,Cruce to Del Sol: Construct New 345 kV Double Circuit Line, ,"AEP Texas, Electric Transmission Texas (ETT)",Construction,2025/10/29,"New circuit, greenfield", ,345,345, ,0,2026,Permitting Underway,"CPCN, siting and permitting final decision",2026/3/17,Permitting Underway,Permitting Complete, ,Cruce,Del Sol,"Cruce, Del Sol",Texas,TX,ERCOT,ERCOT,21RPG017, ,68,Estimated,https://www.aeptransmission.com/texas/Cruce-DelSol/,https://www.ercot.com/gridinfo/planning
R-0142,P-0122,Cruce to Reforzar: Construct New 345 kV Double Circuit Line, ,AEP Texas,Construction,2025/10/29,"New circuit, greenfield", ,345,345, ,0,2026,Permitting Underway,"CPCN, siting and permitting final decision",2026/3/17,Permitting Underway,Permitting Complete, ,Cruce,Reforzar,"Cruce, Reforzar",Texas,TX,ERCOT,ERCOT,21RPG017, ,39,Estimated,https://www.aeptransmission.com/texas/Cruce-Reforzar/,https://www.ercot.com/gridinfo/planning
R-0143,P-0123,Crystal River - Bronson Transmission Line Project, ,Duke Energy,Complete,2025/8/25,Rebuild, ,230,230, ,0,2024, , , , , , ,Crystal River,Bronson,"Crystal River, Bronson",Florida,FL,None (Southeast), , , ,38,Reported,https://www.duke-energy.com/our-company/about-us/electric-transmission-projects/crystal-river-bronson, 
R-0144,P-0124,Culpeper Tech Zone 230 kV Project,Oak Green Rebuild,Dominion Energy,"Engineering, design, and routing",2025/2/10,Rebuild, ,230,230, ,0, , , , , , , ,Oak Green,NA - ties in to existing line,Oak Green,Virginia,VA,PJM, , , ,2.6,Estimated,https://www.dominionenergy.com/projects-and-facilities/electric-projects/power-line-projects/culpeper-tech-zone, 
R-0145,P-0124,Culpeper Tech Zone 230 kV Project,Germanna - Potato Run Approved Future Line,Dominion Energy,"Engineering, design, and routing",2025/2/10,"New circuit, greenfield", ,230,230, ,0, , , , , , , ,Germanna,NA - tis in to existing line,Germanna,Virginia,VA,PJM, , , ,1.7,Estimated,https://www.dominionenergy.com/projects-and-facilities/electric-projects/power-line-projects/culpeper-tech-zone, 
R-0146,P-0124,Culpeper Tech Zone 230 kV Project,Mt. Pony Proposed Route,Dominion Energy,"Engineering, design, and routing",2025/2/10,"New circuit, greenfield; New circuit, existing ROW", ,230,230, ,0, , , , , , , ,Mt. Pony,NA - ties in to existing line,Mt. Pony,Virginia,VA,PJM, , , ,5,Estimated,https://www.dominionenergy.com/projects-and-facilities/electric-projects/power-line-projects/culpeper-tech-zone, 
R-0147,P-0124,Culpeper Tech Zone 230 kV Project,Tech Park Proposed Route,Dominion Energy,"Engineering, design, and routing",2025/2/10,"New circuit, greenfield", ,230,230, ,0, , , , , , , ,Mt. Pony,Cirrus,"Mt. Pony, Cirrus, Palomino, Chandler, McDevitt",Virginia,VA,PJM, , , ,3.5,Estimated,https://www.dominionenergy.com/projects-and-facilities/electric-projects/power-line-projects/culpeper-tech-zone, 
R-0148,P-0125,Dauphin - Harrisburg 230 kV, ,PPL Electric Utilities,"Engineering, design, and routing",2025/1/1,"New circuit, greenfield", ,230,230, ,0,2033, , , , , , ,Copperhead,Harrisburg,"Copperhead, Harrisburg",Pennsylvania,PA,PJM,PJM, , ,9,Estimated,https://www.pjm.com/planning/m/project-construction, 
R-0149,P-0126,Daves Store 230 kV Project, ,Dominion Energy,Construction,2025/4/15,"New circuit, greenfield", ,230,230, ,0,2028, , , , , , ,Daves Store,Trident,"Daves Store, Gemini, Atlas, Stinger, Trident",Virginia,VA,PJM, , , ,2.7,Estimated,https://www.dominionenergy.com/projects-and-facilities/electric-projects/power-line-projects/daves-store, 
R-0150,P-0127,DEI Whitestown - DEI Hortonville, ,Indianapolis Power & Light Company (AES Indiana), ,,Upgrade, ,345,345, ,0,2026, , , , , , ,Hortonville,Whitestown,"Hortonville, Whitestown",Indiana,IN,MISO,MISO,MTEP23, ,14,Estimated,https://www.misoenergy.org/planning/transmission-planning/mtep/#t=10&p=0&s=&sd=, 
R-0151,P-0128,Del Sol to Frontera: Build New 345 kV Double Circuit Line, ,"AEP Texas, Electric Transmission Texas (ETT)",Construction,2025/10/29,"New circuit, greenfield", ,345,345, ,0,2026,Permitting Underway,"CPCN, siting and permitting final decision",2026/3/17,Permitting Underway,Permitting Complete, ,Del Sol,Frontera,"Del Sol, Frontera",Texas,TX,ERCOT,ERCOT,21RPG017, ,37,Estimated,https://www.aeptransmission.com/texas/DelSol-Frontera/,https://www.ercot.com/gridinfo/planning
R-0152,P-0129,Delmont - Hazel, ,Entergy LA, ,,Reconductor, ,230,230, ,0,2026, , , , , , ,Delmont,Hazel,"Delmont, Hazel",Louisiana,LA,MISO,MISO,MTEP23, ,2,Estimated,https://www.misoenergy.org/planning/transmission-planning/mtep/#t=10&p=0&s=&sd=, 
R-0153,P-0130,Devers - Red Bluff 500 kV Upgrade, ,Southern California Edison,Planning,2024/5/23,Upgrade, ,500,500, ,0,2028, , , , , , ,Devers,Red Bluff,"Devers, Red Bluff",California,CA,CAISO,CAISO, , ,80,Estimated,https://www.caiso.com/documents/iso-board-approved-2023-2024-transmission-plan.pdf, 
R-0154,P-0131,Devers-Valley 500 kV Upgrade, ,Southern California Edison,Planning,2024/5/23,Upgrade, ,500,500, ,0,2028, , , , , , ,Devers,Valley (CA),"Devers, Valley",California,CA,CAISO,CAISO, , ,42,Estimated,https://www.caiso.com/documents/iso-board-approved-2023-2024-transmission-plan.pdf, 
R-0155,P-0132,Disston to Largo Transmission Upgrade, ,Duke Energy,Construction,2025/1/29,Rebuild; Upgrade, ,230,230, ,0,2027, , , , , , ,Disston,Largo,"Disston, Largo",Florida,FL,None (Southeast), , , ,11.5,Reported,https://www.duke-energy.com/our-company/about-us/electric-transmission-projects/pinellas-county-reliability-program/disston-to-largo, 
R-0156,P-0133,Dooms - Harrisonburg Rebuild, ,Dominion Energy,Permitting,2025/2/6,Rebuild, ,230,230, ,0,2027, , , , , , ,Dooms,Harrisonburg,"Dooms, Harrisonburg",Virginia,VA,PJM, , , ,22,Estimated,https://www.dominionenergy.com/projects-and-facilities/electric-projects/power-line-projects/dooms-harrisonburg, 
R-0157,P-0134,Drill Hole - Riverton 345 kV Double - Circuit, ,Oncor,Permitting,2026/6/24,"New circuit, greenfield", ,345,345, ,0,2027,Permitting Underway,"CPCN, siting and permitting final decision",2026/3/17,Permitting Underway,Permitting Complete, ,Drill Hole,Riverton,"Drill Hole, Riverton",Texas,TX,None,ERCOT,24RPG010, ,16,Estimated,https://www.ercot.com/gridinfo/planning, 
R-0158,P-0135,Driver - Hybar, ,Entergy AR, ,,"New circuit, greenfield", ,230,230, ,0,2025, , , , , , ,Driver,Hybar,"Driver, Hybar",Arkansas,AR,MISO,MISO,MTEP23, ,2,Estimated,https://www.misoenergy.org/planning/transmission-planning/mtep/#t=10&p=0&s=&sd=, 
R-0159,P-0136,Eastern Colorado Transmission Expansion,Burlington - Lamar 230 kV,Tri-State Generation and Transmission Association,Complete,2026/5/19,"New circuit, greenfield",Aboveground,230,230, ,700,2028, , , , , , ,Burlington,Lamar,"Burlington, Lamar",Colorado,CO,None (Non-RTO West), , , ,80,Estimated,https://tristate.coop/tri-state-moving-forward-1865-million-transmission-system-upgrades,https://tristate.coop/tri-state-energizes-burlington-lamar-transmission-line
R-0160,P-0136,Eastern Colorado Transmission Expansion,Boone - Huckleberry 230 kV,Tri-State Generation and Transmission Association,"Engineering, design, and routing",2026/3/6,"New circuit, greenfield",Aboveground,230,230, ,700,2028, , , , , , ,Boone,Huckleberry,"Boone, Huckleberry",Colorado,CO,None (Non-RTO West),WestTEC,WestTec 10 Yr Plan,Base Case,47,Estimated,https://tristate.coop/tri-state-moving-forward-1865-million-transmission-system-upgrades,https://www.westernpowerpool.org/private-media/documents/WestTEC_10-year_Full_Report.pdf
R-0161,P-0136,Eastern Colorado Transmission Expansion,Badger Creek - Big Sandy 230 kV,Tri-State Generation and Transmission Association,"Engineering, design, and routing",2024/12/3,"New circuit, greenfield",Aboveground,230,230, ,700,2028, , , , , , ,Badger Creek (CO),Big Sandy,"Badger Creek, Big Sandy",Colorado,CO,None (Non-RTO West), , , ,51,Estimated,https://tristate.coop/tri-state-moving-forward-1865-million-transmission-system-upgrades, 
R-0162,P-0137,Eastern Loudoun County Reconductor Projects, ,Dominion Energy, ,,Reconductor, ,230,230, ,0, , , , , , , ,Cabin Run,Shellhorn,"Cabin Run, Shellhorn, Buttermilk",Virginia,VA,PJM, , , ,8,Estimated, , 
R-0163,P-0138,Edsall 230 kV Electric Transmission Project, ,Dominion Energy,Permitting,2025/2/8,"New circuit, greenfield", ,230,230, ,0,2027, , , , , , ,Edsall,Van Dorn,"Edsall, Van Dorn",Virginia,VA,PJM, , , ,0.8,Estimated,https://www.dominionenergy.com/projects-and-facilities/electric-projects/power-line-projects/edsall, 
R-0164,P-0139,Elmont - Ladysmith 230 kV Line, ,Dominion Energy,"Engineering, design, and routing",2025/8/14,"New circuit, greenfield", ,230,230, ,0,2029, , , , , , ,Elmont,Ladysmith,"Elmont, Ladysmith",Virginia,VA,PJM,PJM, , ,26.4,Reported,https://www.pjm.com/planning/m/project-construction,https://www.dominionenergy.com/-/media/pdfs/global/projects-and-facilities/electric-projects/power-line-projects/ladysmith-elmont/ladysmith-elmont-overview-030121.pdf#page=3
R-0165,P-0140,Empire State Line, ,NextEra Energy Transmission,Complete,2022/6/1,"New circuit, greenfield",Aboveground,345,345, ,3700,2022,Permitting Underway,"CPCN, siting and permitting final decision",2026/3/17,Permitting Underway,Permitting Complete, ,Dysinger,East Stolle,"Dysinger, East Stolle",New York,NY,NYISO, , , ,21,Estimated,https://www.empirestateline.com/, 
R-0166,P-0141,Energize Eastside, ,Puget Sound Energy,Complete,2025/1/7,"New circuit, greenfield",Aboveground,230,230, ,0,2024, , , , , , ,Sammamish,Talbot Hill,"Sammamish, Lakeside, Richards Creek, Talbot Hill",Washington,WA,None (Non-RTO West), , , ,16,Estimated,https://energizeeastside.com/, 
R-0167,P-0142,Erwin - Fayetteville Line Upgrade Project, ,Duke Energy,Construction,2025/2/6,Upgrade,Aboveground,230,230, ,0,2026, , , , , , ,Erwin,Fayetteville,"Erwin, Fayetteville",North Carolina,NC,None (Southeast), , , ,38,Estimated,https://www.duke-energy.com/our-company/about-us/electric-transmission-projects/erwin-fayetteville-reliability-project, 
R-0168,P-0143,Expanse - Tredway 138 kV Line, ,Oncor,Planning,2024/10/16,Rebuild, ,345,345, ,0,2026, , , , , , ,Expanse,Tredway,"Expanse, Vealmoor, Tredway",Texas,TX,ERCOT,ERCOT, , ,30,Estimated,https://www.ercot.com/files/docs/2024/10/15/EIR_ONCOR_Tredway_Scope_OCT.pdf,https://www.ercot.com/gridinfo/planning
R-0169,P-0144,Farmwell to Nimbus 230 kV Line, ,Dominion Energy,"Engineering, design, and routing",2026/6/24,"New circuit, greenfield", ,230,230, ,0,2026, , , , , , ,Farmwell,Nimbus,"Farmwell, Nimbus",Virginia,VA,PJM,PJM, , ,0.4,Estimated,https://www.scc.virginia.gov/consumers/public-utility/electricity-faqs/transmission-line-projects/,https://www.pjm.com/planning/m/project-construction
R-0170,P-0145,Four Corners to Cholla to Pinnacle Peak 345kV Line Rebuilds, ,Arizona Public Service,Planning,2024/2/1,Rebuild, ,345,345, ,0,2035, , , , , , ,Pinnacle Peak SRP,Four Corners,"Pinnacle Peak SRP, Cholla, Four Corners","Arizona, New Mexico","AZ, NM",None (Non-RTO West), , , ,289,Estimated,http://www.oasis.oati.com/AZPS/AZPSdocs/FC_TSR_Facilities_Study_-_Final_20180717.pdf, 
R-0171,P-0146,FPP Yard 2 - Lytton Springs Transmission Line Overhaul, ,Lower Colorado River Authority,Planning,2024/12/18,Rebuild, ,345,345, ,0,2026, , , , , , ,Fayette Plant #2,Lytton Springs,"Fayette Plant #2, Lytton Springs",Texas,TX,ERCOT,ERCOT,24RPG013, ,62,Estimated,https://www.ercot.com/gridinfo/planning, 
R-0172,P-0147,Fredericksburg - Possum Point Upgrade and Rebuild, ,Dominion Energy,Construction,2026/6/24,Rebuild; Upgrade, ,230,230, ,0,2029, , , , , , ,Fredericksburg,Possum Point,"Fredericksburg, Possum Point",Virginia,VA,PJM, , , ,24,Estimated,https://www.dominionenergy.com/projects-and-facilities/electric-projects/power-line-projects/fredericksburg-possum-point, 
R-0173,P-0148,French Camp Reinforcement, ,Pacific Gas and Electric Company (PG&E),Planning,2024/5/23,"New circuit, greenfield", ,230,230, ,0,2030, , , , , , ,French Camp (CA),NA - line interconnection,French Camp,California,CA,CAISO,CAISO, , ,2,Estimated,https://www.caiso.com/documents/iso-board-approved-2023-2024-transmission-plan.pdf, 
R-0174,P-0149,Furnace Run - Conastone 230 kV, ,Transource Energy,On hold,2025/1/1,"New circuit, greenfield", ,230,230, ,0,2023, , , , , , ,Furnace Run,Conastone,"Furnace Run, Conastone","Maryland, Pennsylvania","MD, PA",PJM,PJM, , ,12,Estimated,https://www.pjm.com/planning/m/project-construction, 
R-0175,P-0150,Gateway Central,Segment C Limber to Terminal 345 kV,PacifiCorp,Permitting,2026/6/12,"New circuit, greenfield", ,345,345, ,0,2030,Not started,"CPCN, siting and permitting underway",2026/3/17,Not started,Permitting Underway, ,Limber,Terminal,"Limber, Terminal",Utah,UT,None (Non-RTO West), , ,Energy Gateway Transmission Expansion Program,42,Estimated,https://www.pacificorp.com/transmission/transmission-projects/energy-gateway/gateway-central.html, 
R-0176,P-0150,Gateway Central,Segment C Limber to Oquirrh 345 kV Upgrade Connection,PacifiCorp,Permitting,2026/6/12,Upgrade, ,345,345, ,0,2030,Not started,"CPCN, siting and permitting underway",2025/12/10,Not started,Permitting Underway, ,Limber,NA - Line interconnection,Limber,Utah,UT,None (Non-RTO West), , ,Energy Gateway Transmission Expansion Program,2.3,Estimated,https://www.pacificorp.com/transmission/transmission-projects/energy-gateway/gateway-central.html, 
R-0177,P-0150,Gateway Central,Segment C Limber to Tooele 138 kV,PacifiCorp,Permitting,2026/6/12,"New circuit, greenfield", ,138,138, ,0,2030,Not started,"CPCN, siting and permitting underway",2025/12/10,Not started,Permitting Underway, ,Limber,Tooele,"Limber, Tooele",Utah,UT,None (Non-RTO West), , ,Energy Gateway Transmission Expansion Program,13,Estimated,https://www.pacificorp.com/transmission/transmission-projects/energy-gateway/gateway-central.html, 
R-0178,P-0150,Gateway Central,Segment C Limber to Clover 500 kV Upgrade Connection,PacifiCorp,Permitting,2026/6/12,Upgrade, ,500,500, ,0,2030,Not started,"CPCN, siting and permitting underway",2025/12/10,Not started,Permitting Underway, ,Limber,NA - Line interconnection,Limber,Utah,UT,None (Non-RTO West), , ,Energy Gateway Transmission Expansion Program,1.8,Estimated,https://www.pacificorp.com/transmission/transmission-projects/energy-gateway/gateway-central.html, 
R-0179,P-0151,Gateway South, ,PacifiCorp,Complete,2025/9/24,"New circuit, greenfield",Aboveground,500,500,AC,1500,2024,ROD Issued,"CPCN, siting and permitting final decision",2026/3/17,Record of Decision Issued,Permitting Complete, ,Aeolus,Clover,"Aeolus, Clover","Colorado, Utah, Wyoming","CO, UT, WY",None (Non-RTO West), , ,Energy Gateway Transmission Expansion Program,416,Reported,https://www.pacificorp.com/transmission/transmission-projects/energy-gateway/gateway-south.html,https://eplanning.blm.gov/eplanning-ui/project/53044/510
R-0180,P-0152,Gateway West, ,"Idaho Power, PacifiCorp",Permitting,2026/3/10,"New circuit, greenfield",Aboveground,500,500, ,2000,2028,ROD Issued,Not started,2026/3/17,Record of Decision Issued,Not started, ,Windstar,Hemingway,"Windstar, Dave Johnston, Heward, Shirley Basin, Aeolus, Anticline, Jim Bridger, Populus, Borah, Cedar Hill, Midpoint (500kV), Hemingway","Idaho, Wyoming","ID, WY",None (Non-RTO West), , ,Energy Gateway Transmission Expansion Program,616,Estimated,https://www.pacificorp.com/transmission/transmission-projects/energy-gateway/gateway-west.html,https://eplanning.blm.gov/eplanning-ui/project/92974/510
R-0181,P-0153,Glenham - Bismarck WAPA, ,Montana-Dakota Utilities Company, ,,"New circuit, greenfield", ,230,230, ,0,2027, , , , , , ,Glenham,Bismarck (ND),"Glenham, Bismarck","North Dakota, South Dakota","ND, SD","MISO, SPP",MISO,MTEP23, ,92,Estimated,https://www.misoenergy.org/planning/transmission-planning/mtep/#t=10&p=0&s=&sd=, 
R-0182,P-0154,Glenham - Whitlock, ,Montana-Dakota Utilities Company, ,,"New circuit, greenfield", ,230,230, ,0,2027, , , , , , ,Glenham,Whitlock,"Glenham, Whitlock",South Dakota,SD,"MISO, SPP",MISO,MTEP23, ,36,Estimated,https://www.misoenergy.org/planning/transmission-planning/mtep/#t=10&p=0&s=&sd=, 
R-0183,P-0155,GLW/VEA Area Upgrades,Rebuild Trout Canyon - Sloan Canyon 230 kV Lines to 500 kV,GridLiance West,Planning,2024/5/23,Rebuild; Upgrade, ,500,500, ,0,2027,ROD issued,"CPCN, siting and permitting underway",2026/3/17,Record of Decision Issued,Permitting Underway, ,Trout Canyon,Sloan Canyon,"Trout Canyon, Sloan Canyon",Nevada,NV,None,CAISO, , ,59,Estimated,https://www.gridliancewest.com/transmission-upgrades/core-upgrades.html,https://www.caiso.com/documents/iso-board-approved-2023-2024-transmission-plan.pdf
R-0184,P-0155,GLW/VEA Area Upgrades,Rebuild Gamebird - Trout Canyon 230 kV,GridLiance West,Planning,2024/5/23,Rebuild, ,230,230, ,0,2027,ROD issued,Not started,2025/12/8,Record of Decision Issued,Not started, ,Gamebird,Trout Canyon,"Gamebird, Trout Canyon",Nevada,NV,None,CAISO, , ,9,Estimated,https://www.gridliancewest.com/transmission-upgrades/core-upgrades.html,https://www.caiso.com/documents/iso-board-approved-2023-2024-transmission-plan.pdf
R-0185,P-0155,GLW/VEA Area Upgrades,Rebuild Pahrump – Gamebird 230 kV,GridLiance West,Planning,2024/5/23,Rebuild, ,230,230, ,0,2027,ROD issued,Not started,2025/12/8,Record of Decision Issued,Not started, ,Pahrump,Gamebird,"Pahrump, Gamebird",Nevada,NV,None,CAISO, , ,4.6,Estimated,https://www.gridliancewest.com/transmission-upgrades/core-upgrades.html,https://www.caiso.com/documents/iso-board-approved-2023-2024-transmission-plan.pdf
R-0186,P-0155,GLW/VEA Area Upgrades,Rebuild Innovation - Pahrump 230 kV,GridLiance West,Planning,2024/5/23,Rebuild, ,230,230, ,0,2027,ROD issued,Not started,2025/12/8,Record of Decision Issued,Not started, ,Innovation,Pahrump,"Innovation, Pahrump",Nevada,NV,None,CAISO, , ,33,Estimated,https://www.gridliancewest.com/transmission-upgrades/core-upgrades.html,https://www.caiso.com/documents/iso-board-approved-2023-2024-transmission-plan.pdf
R-0187,P-0155,GLW/VEA Area Upgrades,Rebuild Innovation - Desert View 230 kV Lines to 500 kV,GridLiance West,Planning,2024/5/23,Rebuild; Upgrade, ,500,500, ,0,2027,ROD issued,Not started,2025/12/8,Record of Decision Issued,Not started, ,Innovation,Desert View,"Innovation, Desert View",Nevada,NV,None,CAISO, , ,38,Estimated,https://www.gridliancewest.com/transmission-upgrades/core-upgrades.html,https://www.caiso.com/documents/iso-board-approved-2023-2024-transmission-plan.pdf
R-0188,P-0155,GLW/VEA Area Upgrades,Rebuild Northwest - Desert View 230 kV,GridLiance West,Planning,2024/5/23,Rebuild, ,230,230, ,0,2027,ROD issued,Not started,2025/12/8,Record of Decision Issued,Not started, ,Northwest,Desert View,"Northwest, Desert View",Nevada,NV,None,CAISO, , ,4.3,Estimated,https://www.gridliancewest.com/transmission-upgrades/core-upgrades.html,https://www.caiso.com/documents/iso-board-approved-2023-2024-transmission-plan.pdf
R-0189,P-0155,GLW/VEA Area Upgrades,Innovation - Desert View 230 kV Line Addition,GridLiance West,Planning,2024/5/23,"New circuit, existing ROW", ,230,230, ,0,2027,ROD issued,Not started,2025/12/8,Record of Decision Issued,Not started, ,Innovation,Desert View,"Innovation, Desert View",Nevada,NV,None,CAISO, , ,38,Estimated,https://www.gridliancewest.com/transmission-upgrades/core-upgrades.html,https://www.caiso.com/documents/iso-board-approved-2023-2024-transmission-plan.pdf
R-0190,P-0155,GLW/VEA Area Upgrades,Johnnie Corner - Vista - Pahrump 230 kV Line Addition,GridLiance West,Planning,2024/5/23,"New circuit, existing ROW", ,230,230, ,0,2027,ROD issued,Not started,2025/12/8,Record of Decision Issued,Not started, ,Johnnie Corner,Pahrump,"Johnnie Corner, Vista, Pahrump",Nevada,NV,None,CAISO, , ,17,Estimated,https://www.gridliancewest.com/transmission-upgrades/core-upgrades.html,https://www.caiso.com/documents/iso-board-approved-2023-2024-transmission-plan.pdf
R-0191,P-0155,GLW/VEA Area Upgrades,Johnnie Corner - Innovation 230 kV Line Addition,GridLiance West,Planning,2024/5/23,"New circuit, existing ROW", ,230,230, ,0,2027,ROD issued,Not started,2025/12/8,Record of Decision Issued,Not started, ,Johnnie Corner,Innovation,"Johnnie Corner, Innovation",Nevada,NV,None,CAISO, , ,15,Estimated,https://www.gridliancewest.com/transmission-upgrades/core-upgrades.html,https://www.caiso.com/documents/iso-board-approved-2023-2024-transmission-plan.pdf
R-0192,P-0156,Golden Valley 230 kV, ,UniSource Energy Services,Permitting,2024/12/10,"New circuit, greenfield",Aboveground,230,230, ,0,2030, , , , , , ,McConnico,Mineral Park,"McConnico, Harris, Mineral Park",Arizona,AZ,None (Non-RTO West), , , ,17,Estimated,https://www.uesaz.com/golden-valley/, 
R-0193,P-0157,Graceton - Batavia Road 230 kV Line, ,Baltimore Gas and Electric Company (BGE),"Engineering, design, and routing",2025/1/1,"New circuit, greenfield", ,230,230, ,0,2028, , , , , , ,Graceton,Batavia,"Graceton, Batavia",Maryland,MD,PJM,PJM, , ,29,Estimated,https://www.pjm.com/planning/m/project-construction, 
R-0194,P-0158,Grain Belt Express, ,Invenergy,Permitting,2025/1/28,"New circuit, greenfield",Aboveground,600,600,DC,5000,2028,Draft EIS/EIA,"CPCN, siting and permitting final decision",2026/3/17,Permitting Underway,Permitting Complete, ,Not specified,Not specified,"Middle Grove, McCredie","Illinois, Indiana, Kansas, Missouri","IL, IN, KS, MO","MISO, SPP",Merchant, , ,854,Estimated,https://grainbeltexpress.com/, 
R-0195,P-0159,Grand Coulee - Columbia - Schultz 500kV, ,Bonneville Power Administration,Planning,2025/9/24,Upgrade, ,500,500, ,0, ,Not started,Not started,2026/3/17,Not started,Not started, ,Gand Coulee,Schultz,"Gand Coulee, Columbia, Schultz",Washington,WA,None (Non-RTO West),Bonneville Power Administration, ,Evolving Grid Projects (EGP) 2.0,99,Estimated,https://www.bpa.gov/-/media/Aep/transmission/evolving-grid/EGP-20-Public-Workshop-17-Oct-2024.pdf, 
R-0196,P-0160,Greenlink North, ,NV Energy,Permitting,2024/12/11,"New circuit, greenfield",Aboveground,525,525, ,4000,2028,ROD issued,"CPCN, siting and permitting underway",2026/3/17,Record of Decision Issued,Permitting Underway, ,Fort Churchill,Robinson Summit,"Fort Churchill, Robinson Summit",Nevada,NV,None (Non-RTO West), , , ,235,Reported,https://www.nvenergy.com/cleanenergy/greenlink-nevada,https://eplanning.blm.gov/eplanning-ui/project/2017033/510
R-0197,P-0161,Greenlink West, ,NV Energy,Construction,2026/3/10,"New circuit, greenfield",Aboveground,525,525, ,4000,2027,ROD Issued,"CPCN, siting and permitting final decision",2026/3/17,Record of Decision Issued,Permitting Complete, ,Mira Loma (NV),Harry Allen (230kV),"Mira Loma, Comstock, Fort Churchill, Esmeralda, Amargosa, Northwest, Harry Allen",Nevada,NV,None (Non-RTO West), , , ,350,Reported,https://www.nvenergy.com/cleanenergy/greenlink-nevada,https://eplanning.blm.gov/eplanning-ui/project/2017391/510
R-0198,P-0162,Greenville - Everetts 230 kV, ,Dominion Energy,"Engineering, design, and routing",2025/1/1,Rebuild; Upgrade, ,230,230, ,0,2026, , , , , , ,Greenville (NC),Everetts,"Greenville, Everetts",North Carolina,NC,PJM,PJM, , ,22,Estimated,https://www.pjm.com/planning/m/project-construction, 
R-0199,P-0163,Greenwich - Thalia - Lynnhaven 230 kV Rebuild, ,Dominion Energy,Construction,2025/2/8,Rebuild, ,230,230, ,0,2025, , , , , , ,Greenwich,Lynnhaven,"Greenwich, Thalia, Lynnhaven",Virginia,VA,PJM, , , ,6,Estimated,https://www.dominionenergy.com/projects-and-facilities/electric-projects/power-line-projects/greenwich, 
R-0200,P-0164,Greenwood - Rapson, ,ITC, ,,"New circuit, greenfield", ,345,345, ,0,2027,Not started,Not started,2026/3/17,Not started,Not started, ,Greenwood,Rapson,"Greenwood, Rapson",Michigan,MI,MISO,MISO,MTEP23, ,51,Estimated,https://www.misoenergy.org/planning/transmission-planning/mtep/#t=10&p=0&s=&sd=, 
R-0201,P-0165,Grid Forward Central Wisconsin Transmission Line Project,Upgrade,American Transmission Company (ATC),Permitting,2024/12/9,Upgrade,Aboveground,345,345, ,0,2030,Not started,"CPCN, siting and permitting final decision",2026/3/17,Not started,Permitting Complete,LRTP 06: Tremval - Rocky Run - Columbia,Tremval,Columbia (WI),"Tremval, Arpin, Columbia",Wisconsin,WI,MISO,MISO,MTEP21,LRTP Tranche 1,150,Estimated,https://atc-gridforward.com/,https://www.misoenergy.org/planning/transmission-planning/mtep/#t=10&p=0&s=&sd=
R-0202,P-0165,Grid Forward Central Wisconsin Transmission Line Project,New build,American Transmission Company (ATC),Permitting,2024/12/9,"New circuit, greenfield",Aboveground,345,345, ,0,2030,Not started,"CPCN, siting and permitting underway",2025/12/8,Not started,Permitting Underway,LRTP 06: Tremval - Rocky Run - Columbia,Tremval,Columbia,"Tremval, Arpin, Columbia",Wisconsin,WI,MISO,MISO,MTEP21,LRTP Tranche 1,50,Estimated,https://atc-gridforward.com/,https://www.misoenergy.org/planning/transmission-planning/mtep/#t=10&p=0&s=&sd=
R-0203,P-0166,Hampton Corner - Helena, ,Xcel Energy, ,,"New circuit, existing ROW",Aboveground,345,345, ,0,2025,Permitting Underway,"CPCN, siting and permitting final decision",2026/3/17,Permitting Underway,Permitting Complete, ,Helena,Hampton,"Helena, Chub Lake, Hampton",Minnesota,MN,MISO,MISO,MTEP22, ,39,Estimated,https://apps.commerce.state.mn.us/web/project-file/12737, 
R-0204,P-0167,Harborton - Trojan #3 and #4 230kV, ,Portland General Electric,Permitting,2025/9/24,"New circuit, greenfield",Aboveground,230,230, ,0,2030, , , , , , ,Harborton,Trojan Nuclear Plant Switchyard,"Harborton, Trojan Nuclear Plant Switchyard",Oregon,OR,None (Non-RTO West), , , ,34,Estimated,https://www.oasis.oati.com/woa/docs/PGE/PGEdocs/2024_Local_Transmission_Plan-Draft.pdf, 
R-0205,P-0168,Heartland Spirit Connector, ,NextEra Energy,"Engineering, design, and routing",2026/6/10,"New circuit, greenfield",Aboveground,345,640, ,0,2032,Not started,Not started,2026/3/17,Not started,Not started, ,Not yet determined,Not yet determined, ,"Arkansas, Colorado, Kansas, Oklahoma","AR, CO, KS, OK","SPP, MISO", , , ,540,Reported,https://www.nexteraenergytransmission.com/heartland-spirit-connector.html, 
R-0206,P-0169,Helix (Duck Lake) to Majestic, ,ITC,Permitting,2025/12/2,"New circuit, greenfield",Aboveground,345,345, ,0, ,Not started,Not started,2026/3/17,Not started,Not started,LRTP 18: Oneida - Nelson Rd.,Helix,Majestic,"Helix, Tompkins, Majestic",Michigan,MI,MISO,MISO,MTEP21,LRTP Tranche 1,43,Estimated,https://www.dextertownship.org/wp-content/uploads/Majestic-Wayne-project-profile-FINAL-080823.pdf,https://www.misoenergy.org/planning/transmission-planning/mtep/#t=10&p=0&s=&sd=
R-0207,P-0170,Helix to Hiple, ,Xcel Energy,Permitting,2024/12/5,"New circuit, greenfield",Aboveground,345,345, ,0,2030,Permitting Underway,"CPCN, siting and permitting final decision",2026/3/17,Permitting Underway,Permitting Complete,LRTP 17: Hiple - Duck Lake,IN/MI Border (connection location),Helix,Helix,Michigan,MI,MISO,MISO,MTEP21,LRTP Tranche 1,54,Estimated,https://mifuturegrid-openhouse.com/helix-to-hiple/,https://www.misoenergy.org/planning/transmission-planning/mtep/#t=10&p=0&s=&sd=
R-0208,P-0171,Hemingway - Bowmont #2 230 kV Line, ,Idaho Power,Complete,2025/9/24,"New circuit, existing ROW",Aboveground,230,230, ,0, , , , , , , ,Hemingway,Bowmont,"Hemingway, Bowmont",Idaho,ID,None (Non-RTO West), , , ,13,Estimated,https://puc.idaho.gov/Fileroom/PublicFiles/ELEC/IPC/IPCE2143/CaseFiles/20220216IRP%20Appendix%20D.pdf, 
R-0209,P-0172,Hertel - New York Interconnection, ,Hydro-Quebec,Construction,2025/4/8,"New circuit, greenfield", ,400,400,DC,1250,2026,Permitting Complete,"CPCN, siting and permitting final decision",2026/3/17,Complete,Permitting Complete, ,Hertel,Not specified - interconnection at US Canada border,Hertel,New York,NY,NYISO, , , ,35,Estimated,https://www.hydroquebec.com/projects/hertel-new-york-interconnection/, 
R-0210,P-0173,Highway 46 - River Oaks Transmission Line Upgrade, ,LCRA Transmission Services Corporation,Planning,2024/12/18,Upgrade, ,345,345, ,0,2024, , , , , , ,Highway 46,River Oaks,"Highway 46, River Oaks",Texas,TX,ERCOT,ERCOT,22RPG005, ,9,Estimated,https://www.ercot.com/gridinfo/planning, 
R-0211,P-0174,Hiple to IN/MI Border Transmission Line, ,Republic Transmission,"Engineering, design, and routing",2024/12/5,"New circuit, greenfield",Aboveground,345,345, ,0, ,Not started,Not started,2026/3/17,Not started,Not started,LRTP 17: Hiple - Duck Lake,Hiple,IN/MI Border (connection location),Hiple,"Indiana, Michigan","IN, MI","MISO, PJM",MISO,MTEP21,LRTP Tranche 1,28,Estimated,https://www.republictransmission.com/himb/,https://www.misoenergy.org/planning/transmission-planning/mtep/#t=10&p=0&s=&sd=
R-0212,P-0175,Holly Springs Utley Creek Project, ,Duke Energy,Construction,2025/2/10,"New circuit, greenfield", ,230,230, ,0, , , , , , , ,Holly Springs,NA- ties in to existing line,Holly Springs,North Carolina,NC,None (Southeast), , , ,2.2,Reported,https://www.duke-energy.com/our-company/about-us/electric-transmission-projects/holly-springs, 
R-0213,P-0176,Hornbaker - Devlin 230 kV Route Options, ,Dominion Energy,"Engineering, design, and routing",2025/2/10,"New circuit, greenfield", ,230,230, ,0, , , , , , , ,Devlin,Hornbaker,"Devlin, Pegasus, Hornbaker, Hourglass",Virginia,VA,PJM, , , ,8,Estimated,https://www.dominionenergy.com/projects-and-facilities/electric-projects/power-line-projects/hornbakerdevlin, 
R-0214,P-0177,Hudson - Essex 230 kV, ,PSEG,Planning,2025/1/1,"New circuit, greenfield", ,230,230, ,0, , , , , , , ,HVDC B2B Station Hudson,Essex,"HVDC B2B Station Hudson, Essex",New Jersey,NJ,PJM,PJM, , ,9,Estimated,https://www.pjm.com/planning/m/project-construction, 
R-0215,P-0178,Hudson - South Waterfront - Add Second 230 kV Underground Cable, ,PSEG,Planning,2025/1/1,"New circuit, existing ROW", ,230,230, ,0, , , , , , , ,HVDC B2B Station Hudson,South Waterfront,South Waterfront,New Jersey,NJ,PJM,PJM, , ,8,Estimated,https://www.pjm.com/planning/m/project-construction, 
R-0216,P-0179,Hunterstown - Carroll 230 kV Line, ,"APS, Met-Ed","Engineering, design, and routing",2025/1/1,"New circuit, greenfield", ,230,230, ,0,2028, , , , , , ,Hunterstown,Carroll,"Hunterstown, Carroll","Maryland, Pennsylvania","MD, PA",PJM,PJM, , ,24,Estimated,https://www.pjm.com/planning/m/project-construction, 
R-0217,P-0180,Hyde Park to Downtown Ckt.32A Upgrades, ,CenterPoint Energy,Planning,2024/12/18,Upgrade, ,345,345, ,0,2026, , , , , , ,Hyde Park,Downtown,"Hyde Park, Downtown",Texas,TX,"ERCOT, MISO",ERCOT, , ,1.2,Estimated,https://www.ercot.com/gridinfo/planning, 
R-0218,P-0181,Idylwood - Tysons 230 kV Project, ,Dominion Energy,Complete,2025/2/6,"New circuit, greenfield",Underground,230,230, ,0,2023, , , , , , ,Tyson,Idylwood,"Tyson, Idylwood",Virginia,VA,PJM, , , ,4.4,Estimated,https://www.dominionenergy.com/projects-and-facilities/electric-projects/power-line-projects/idylwood-tysons, 
R-0219,P-0182,Imperial Valley - North of SONGS Project, ,Horizon West Transmission (NextEra Energy Transmission),"Engineering, design, and routing",2026/3/6,"New circuit, greenfield", ,500,500, ,3000,2034,Not started,Not started,2026/3/17,Not started,Not started, ,Imperial Valley,San Ofre Nuclear Power Plant (SONGS),"Imperial Valley, San Ofre Nuclear Power Plant (SONGS)",California,CA,CAISO,CAISO,WestTec 10 Yr Plan,Base Case,116,Estimated,https://www.horizonwesttransmission.com/faq.html, 
R-0220,P-0183,Jackson Road to Cedar Grove 230 kV Line, ,PSEG,Construction,2026/6/24,"New circuit, greenfield", ,230,230, ,0,2028, , , , , , ,Jackson Road,Cedar Grove,"Jackson Road, Cedar Grove",New Jersey,NJ,PJM,PJM, , ,3.1,Estimated,https://www.pjm.com/planning/m/project-construction, 
R-0221,P-0184,Jamestown to Ellendale (JETx), ,"Otter Tail Power Company, Montana-Dakota Utilities",Permitting,2024/11/26,"New circuit, greenfield",Aboveground,345,345, ,0,2028,Not started,"CPCN, siting and permitting final decision",2026/3/17,Not started,Permitting Complete,LRTP 01: Jamestown - Ellendale,Jamestown,Ellendale,"Jamestown, Ellendale",North Dakota,ND,"MISO, SPP",MISO,MTEP21,LRTP Tranche 1,90,Estimated,https://jamestowntoellendale.com/,https://www.misoenergy.org/planning/transmission-planning/mtep/#t=10&p=0&s=&sd=
R-0222,P-0185,Jasper - Okatie 230 kV, ,Dominion Energy,"Engineering, design, and routing",2025/2/10,"New circuit, existing ROW", ,230,230, ,0, , , , , , , ,Jasper,Okatie,"Jasper, Okatie",South Carolina,SC,None (Southeast), , , ,7,Estimated,https://www.dominionenergy.com/projects-and-facilities/electric-projects/power-line-projects/jasper-okatie-riverport, 
R-0223,P-0186,Jeanetta Auto Upgrades, ,CenterPoint Energy,Planning,2024/12/18,Reconductor, ,345,345, ,0,2026, , , , , , ,Clodine,Roark,"Clodine, Roark",Texas,TX,"ERCOT, MISO",ERCOT, , ,3.7,Estimated,https://www.ercot.com/gridinfo/planning, 
R-0224,P-0187,Jeffress 230 kV Project, ,Dominion Energy,Permitting,2026/6/24,"New circuit, greenfield",Aboveground,230,230, ,0,2027, , , , , , ,Finneywood,Jeffress,"Finneywood, Jeffress",Virginia,VA,PJM, , , ,19,Estimated,https://www.dominionenergy.com/projects-and-facilities/electric-projects/power-line-projects/jeffress, 
R-0225,P-0188,Jewell - Stephens, ,ITC,Complete,2026/4/2,Upgrade,Aboveground,345,345, ,0,2025, , , , , , ,Jewell,Stephens,"Jewell, Stephens",Michigan,MI,MISO,MISO,MTEP19, ,17,Estimated,https://www.misoenergy.org/planning/transmission-planning/mtep/#t=10&p=0&s=&sd=, 
R-0226,P-0189,John Amos - Welton Spring - Rocky Point 765 kV Line, ,APS,"Engineering, design, and routing",2025/8/14,"New circuit, greenfield", ,765,765, ,0,2029,Not started,Not started,2026/3/17,Not started,Not started, ,John Amos,Rocky Point,"John Amos, Welton Springs, Rocky Point","Maryland, Virginia, West Virginia","MD, VA, WV",PJM,PJM, , ,261,Reported,https://www.pjm.com/planning/m/project-construction, 
R-0227,P-0190,Johnnie Corner - Beatty Upgrade Project, ,GridLiance West,Permitting,,"New circuit, existing ROW",Aboveground,230,230, ,0,2027, , , , , , ,Johnnie Corner,Beatty,"Johnnie Corner, Valley, Lathrop Switch, Beatty",Nevada,NV,None (Non-RTO West), , , ,61,Estimated,https://www.gridliancewest.com/transmission-upgrades/johnnie-corner-beatty-upgrade.html, 
R-0228,P-0191,Jojoba to Rudd 500kV line, ,Arizona Public Service,Planning,2026/3/6,"New circuit, existing ROW",Aboveground,500,500,AC,0,2032,Not started,Not started,2026/3/17,Not started,Not started, ,Jojoba,Rudd,"Jojoba, Rudd",Arizona,AZ,None (Non-RTO West),WestTEC,WestTec 10 Yr Plan,Base Case,31,Estimated,https://www.westernpowerpool.org/private-media/documents/WestTEC_10-year_Full_Report.pdf,https://doc.westconnect.com/Documents.aspx?NID=21108&dl=1
R-0229,P-0192,Joshua Falls - Yeat 765 kV Line, ,"AEP, Dominion Energy","Engineering, design, and routing",2025/8/15,"New circuit, greenfield", ,765,765, ,0,2029,Not started,Not started,2026/3/17,Not started,Not started, ,Joshua Falls,Yeat,"Joshua Falls, Yeat",Virginia,VA,PJM,PJM, , ,156,Reported,https://www.pjm.com/planning/m/project-construction, 
R-0230,P-0193,Kraken - Yeat 500 kV Line, ,Dominion Energy,"Engineering, design, and routing",2026/5/30,"New circuit, greenfield", ,500,500, ,0,2029,Not started,Not started,2026/3/17,Not started,Not started, ,Kraken,Yeat,"Kraken, Yeat",Virginia,VA,PJM,PJM, , ,32,Estimated,https://www.pjm.com/planning/m/project-construction, 
R-0231,P-0194,La Pine - Bonanza 230 kV Line, ,Bonneville Power Administration,Planning,2024/12/10,"New circuit, existing ROW",Aboveground,230,230, ,0,2029,Not started,Not started,2026/3/17,Not started,Not started, ,La Pine,Bonanza,"La Pine, Bonanza",Oregon,OR,None (Non-RTO West),Bonneville Power Administration, ,Evolving Grid Projects (EGP) 1.0,52,Estimated,https://www.bpa.gov/-/media/Aep/transmission/evolving-grid/EGP-10-Project-Summaries.pdf, 
R-0232,P-0195,Ladysmith - Lee's Hill 230 kV Project,Rebuild,Dominion Energy,"Engineering, design, and routing",2025/2/8,Rebuild, ,230,230, ,0,2028, , , , , , ,Ladysmith,Slabtown,"Ladysmith, Summit, Slabtown, St. Jowns",Virginia,VA,PJM,PJM, , ,14,Estimated,https://www.dominionenergy.com/projects-and-facilities/electric-projects/power-line-projects/ladysmith-lees-hill,https://www.pjm.com/planning/m/project-construction
R-0233,P-0195,Ladysmith - Lee's Hill 230 kV Project,Reconductor,Dominion Energy,"Engineering, design, and routing",2025/2/8,Reconductor, ,230,230, ,0,2028, , , , , , ,Ladysmith,Slabtown,"Ladysmith, Summit, Slabtown, St. Jowns",Virginia,VA,PJM,PJM, , ,4,Estimated,https://www.dominionenergy.com/projects-and-facilities/electric-projects/power-line-projects/ladysmith-lees-hill,https://www.pjm.com/planning/m/project-construction
R-0234,P-0195,Ladysmith - Lee's Hill 230 kV Project,Rebuild and reconductor,Dominion Energy,"Engineering, design, and routing",2025/2/8,Rebuild; Reconductor, ,230,230, ,0,2028, , , , , , ,Ladysmith,Slabtown,"Ladysmith, Summit, Slabtown, St. Jowns",Virginia,VA,PJM,PJM, , ,5,Estimated,https://www.dominionenergy.com/projects-and-facilities/electric-projects/power-line-projects/ladysmith-lees-hill,https://www.pjm.com/planning/m/project-construction
R-0235,P-0196,Laguna Bell - Mesa No. 1 230 kV Line Rating Increase, ,Southern California Edison,Planning,2024/5/23,Upgrade, ,230,230, ,0,2024, , , , , , ,Laguna Bell,Mesa,"Laguna Bell, Mesa",California,CA,CAISO,CAISO, , ,5,Estimated,https://www.caiso.com/documents/iso-board-approved-2023-2024-transmission-plan.pdf, 
R-0236,P-0197,Lake Creek - Rattlesnake Road 345 kV Line, ,Oncor,Planning,2024/12/18,Rebuild, ,345,345, ,0,2026, , , , , , ,Lake Creek,Sandy Creek (Rattlesnake Road),"Lake Creek, Sandy Creek (Rattlesnake Road)",Texas,TX,ERCOT,ERCOT, , ,1.5,Estimated,https://www.ercot.com/gridinfo/planning, 
R-0237,P-0198,Lake Erie Connector,Underwater HVDC,NextEra Energy,On hold,2025/4/8,"New circuit, greenfield",Underground,320,320,DC,0, ,Permitting Complete,N/A,2026/3/17,Complete,Not required, ,NA -- continuation of line,Nanticoke,Nanticoke,Pennsylvania,PA,None,PJM, , ,65,Estimated,https://www.nexteraenergytransmission.com/lake-erie-connector.html, 
R-0238,P-0198,Lake Erie Connector,Underground AC,NextEra Energy,On hold,2025/4/8,"New circuit, greenfield",Underground,345,345,AC,0, ,Permitting Complete,N/A,2025/12/8,Complete,Not required, ,Erie West,Erie Converter Station,"Erie West, Erie Converter Station",Pennsylvania,PA,PJM, , , ,0.3,Estimated,https://www.nexteraenergytransmission.com/lake-erie-connector.html, 
R-0239,P-0198,Lake Erie Connector,Underground HVDC,NextEra Energy,On hold,2025/4/8,"New circuit, greenfield",Underground,320,320,DC,0, ,Permitting Complete,N/A,2025/12/8,Complete,Not required, ,Erie Converter Station,NA -- line continues,Erie Converter Station,Pennsylvania,PA,PJM, , , ,7,Estimated,https://www.nexteraenergytransmission.com/lake-erie-connector.html, 
R-0240,P-0199,Lanexa - Northern Neck 230 kV Install Second Circuit, ,Dominion Energy,Construction,2025/1/1,"New circuit, existing ROW", ,230,230, ,0,2025, , , , , , ,L:anexa,Northern Neck,"L:anexa, Northern Neck",Virginia,VA,PJM,PJM, , ,41,Estimated,https://www.pjm.com/planning/m/project-construction, 
R-0241,P-0200,Langley 230 kV Substation Project, ,Dominion Energy,Permitting,2025/2/8,Rebuild, ,230,230, ,0,2025, , , , , , ,Langley,Peninsula,"Langley, Peninsula",Virginia,VA,PJM, , , ,0.2,Estimated,https://www.dominionenergy.com/projects-and-facilities/electric-projects/power-line-projects/langley, 
R-0242,P-0201,Larrabee - Smithburg 500 kV Line, ,Jersey Central Power & Light,"Engineering, design, and routing",2025/1/1,"New circuit, greenfield", ,500,500, ,0,2027,Not started,Not started,2026/3/17,Not started,Not started, ,Larrabee,Smithburg,"Larrabee, Smithburg",New Jersey,NJ,PJM,PJM, , ,11,Estimated,https://www.pjm.com/planning/m/project-construction, 
R-0243,P-0202,Larrabee Collector Station - Larrabee 230 kV, ,Jersey Central Power & Light,"Engineering, design, and routing",2026/6/24,"New circuit, existing ROW", ,230,230, ,0,2026, , , , , , ,Larrabee Collector Station,Larrabee,"Larrabee Collector Station, Larrabee",New Jersey,NJ,PJM,PJM, , ,0.3,Estimated,https://www.firstenergycorp.com/content/dam/corporate/transmission/Larabee-Larabee-Collector-Station-NJCEC-fact-sheet.pdf,https://www.pjm.com/planning/m/project-construction
R-0244,P-0203,Lawton - Lone Grove Transmission Rebuild Project, ,Public Service Company of Oklahoma,"Engineering, design, and routing",2023/2/14,Rebuild,Aboveground,345,345, ,0,2029, , , , , , ,Lawton East Side,Sunnyside,"Lawton East Side, Terry Road, Sunnyside",Oklahoma,OK,SPP, , , ,72,Reported,https://www.aeptransmission.com/oklahoma/Lawton-LoneGrove/, 
R-0245,P-0204,Leland Olds Station to Tande, ,Basin Electric Power Cooperative,Construction,2026/6/24,"New circuit, greenfield",Aboveground,345,345, ,0,2026,Permitting Underway,"CPCN, siting and permitting final decision",2026/3/17,Permitting Underway,Permitting Complete, ,Leland Olds,Tande,"Leland Olds, Tande",North Dakota,ND,SPP, , , ,157,Estimated,https://www.basinelectric.com/about-us/transmission/Leland-Olds-to-Tande-transmission-project, 
R-0246,P-0205,Liberty - Cannon Branch, ,Dominion Energy,Construction,2026/6/24,Upgrade, ,230,230, ,0,2026, , , , , , ,Liberty,Cannon Branch,"Liberty, Cannon Branch",Virginia,VA,PJM, , , ,3.4,Estimated,https://cdn-dominionenergy-prd-001.azureedge.net/-/media/pdfs/global/projects-and-facilities/electric-projects/power-line-projects/liberty-cannon-branch/libertycannonbranch-map-sept2022.pdf?rev=b7a3586099cd4a819c39ef205655bb6c, 
R-0247,P-0206,Lockridge - Golden 230 kV Line, ,Dominion Energy,"Engineering, design, and routing",2025/1/1,"New circuit, greenfield", ,230,230, ,0,2028, , , , , , ,Lockridge,Golden,"Lockridge, Golden",Virginia,VA,PJM,PJM, , ,1.6,Estimated,https://www.pjm.com/planning/m/project-construction, 
R-0248,P-0207,Lone Grove - Kiowa Transmission Line Rebuild Project, ,Public Service Company of Oklahoma,Construction,2025/1/27,Rebuild,Aboveground,345,345, ,0,2025, , , , , , ,Pittsburg,Sunnyside,"Pittsburg, Johnston County Substation, Sunnyside",Oklahoma,OK,SPP, , , ,88,Reported,https://www.aeptransmission.com/oklahoma/LoneGrove-Kiowa/, 
R-0249,P-0208,Longshore - Consavvy 345 kV Double - Circuit Line Rebuild, ,Oncor,Planning,2024/12/18,Rebuild, ,345,345, ,0,2028, , , , , , ,Longshore,Consavvy,"Longshore, Consavvy",Texas,TX,"ERCOT, SPP",ERCOT,23RPG029, ,35,Estimated,https://www.ercot.com/gridinfo/planning, 
R-0250,P-0209,Loop Dumont - Sorenson 345 kV into Elderberry, ,AEP,"Engineering, design, and routing",2026/6/24,"New circuit, greenfield", ,345,345, ,0,2026,Not started,Not started,2026/3/17,Not started,Not started, ,Elderberry,None,Elderberry,Indiana,IN,PJM,PJM, , ,0.1,Estimated,https://www.pjm.com/planning/m/project-construction, 
R-0251,P-0210,Bonanza to Nevada - Oregon Border, ,Bonneville Power Administration,Planning,2026/3/6,"New circuit, greenfield", ,500,500, ,0,2035,Not started,Not started,2026/3/17,Not started,Not started, ,Bonanza,NV-OR State Border (interconnection point),Bonanza,Oregon,OR,None (Non-RTO West),Bonneville Power Administration, ,Evolving Grid Projects (EGP) 2.0,216,Estimated,https://www.bpa.gov/-/media/Aep/transmission/evolving-grid/EGP-20-Public-Workshop-17-Oct-2024.pdf,https://experience.arcgis.com/experience/06e44781378e48bab2cc352be7098c1c#data_s=id%3A7f85f964b05442dd960a15b001d0567d-19b13df1a73-layer-6%3A40
R-0252,P-0211,LRTP 07: Webster - Franklin - Marshalltown - Morgan Valley, ,MidAmerican Energy Company,Permitting,2025/12/2,"New circuit, greenfield",Aboveground,345,345, ,0, ,Not started,Not started,2026/3/17,Not started,Not started, ,Webster,Morgan Valley,"Webster, Franklin, Marshalltown, Morgan Valley",Iowa,IA,"MISO, SPP",MISO,MTEP21,LRTP Tranche 1,137,Estimated,https://www.misoenergy.org/planning/transmission-planning/mtep/#t=10&p=0&s=&sd=, 
R-0253,P-0212,LRTP 08: Beverly - Sub 92, ,ITC,Permitting,2024/12/5,"New circuit, greenfield",Aboveground,161,345, ,0,2028, , , , , , ,Beverly,Sub 92,"Beverly, Sub 92",Iowa,IA,MISO,MISO,MTEP21,LRTP Tranche 1,43,Estimated,https://www.beverly-sub92.com/,https://www.misoenergy.org/planning/transmission-planning/mtep/#t=10&p=0&s=&sd=
R-0254,P-0213,LRTP 16: Morrison Ditch - Reynolds - Burr Oak - Leesburg - Hiple, ,Northern Indiana Public Service Company,Planning,2025/12/2,"New circuit, existing ROW; Upgrade",Aboveground,345,345, ,0, ,Not started,Not started,2026/3/17,Not started,Not started, ,Morrison,Hiple,"Morrison, Reynolds, Burr Oak, Leesburg, Hiple",Indiana,IN,"MISO, PJM",MISO,MTEP21,LRTP Tranche 1,123,Estimated,https://www.misoenergy.org/planning/transmission-planning/mtep/#t=10&p=0&s=&sd=, 
R-0255,P-0214,LRTP 18: Oneida - Nelson Rd., ,ITC,Permitting,2024/12/5,"New circuit, greenfield",Aboveground,345,345, ,0,2030,Permitting Underway,"CPCN, siting and permitting final decision",2026/3/17,Permitting Underway,Permitting Complete, ,Nelson Road,Oneida,"Nelson Road, Oneida",Michigan,MI,MISO,MISO,MTEP21,LRTP Tranche 1,39,Estimated,https://mifuturegrid-openhouse.com/nelson-road-to-oneida/,https://www.misoenergy.org/planning/transmission-planning/mtep/#t=10&p=0&s=&sd=
R-0256,P-0215,LRTP 19: Bison - Alexandria,345 kV (initial concept),Northern States Power Company,Permitting,2026/6/24,"New circuit, greenfield", ,345,345, ,0,2032,Not started,"CPCN, siting and permitting underway in one state",2026/3/17,Not started,Permitting Underway, ,Bison,Alexandria,"Bison, Alexandria","Minnesota, North Dakota","MN, ND","MISO, SPP",MISO,MTEP24,LRTP Tranche 2.1,111,Estimated,https://www.misoenergy.org/planning/transmission-planning/mtep/#t=10&p=0&s=&sd=, 
R-0257,P-0216,LRTP 20: Maple River - Cuyuna,345 kV (initial concept), ,Permitting,2026/6/10,"New circuit, greenfield", ,345,345, ,0,2033,Not started,"CPCN, siting and permitting underway in one state",2026/3/17,Not started,Permitting Underway, ,Maple River,Cuyana,"Maple River, Cuyana","Minnesota, North Dakota","MN, ND","MISO, SPP",MISO,MTEP24,LRTP Tranche 2.1,138,Estimated,https://www.misoenergy.org/planning/transmission-planning/mtep/#t=10&p=0&s=&sd=, 
R-0258,P-0217,LRTP 21: Iron Range - Arrowhead,345 kV (initial concept), ,Planning,2025/12/2,"New circuit, greenfield", ,345,345, ,0,2032,Not started,"CPCN, siting and permitting underway",2026/3/17,Not started,Permitting Underway, ,Iron Range,Arrowhead,"Iron Range, Arrowhead",Minnesota,MN,MISO,MISO,MTEP24,LRTP Tranche 2.1,57,Estimated,https://www.misoenergy.org/planning/transmission-planning/mtep/#t=10&p=0&s=&sd=, 
R-0259,P-0218,LRTP 22: Big Stone South - Brookings County - Lakefield Junction,765 kV (initial concept),PowerOn Midwest,"Engineering, design, and routing",2026/6/10,"New circuit, greenfield", ,765,765, ,0,2034,Not started,"CPCN, siting and permitting underway in one state",2026/3/17,Not started,Permitting Underway, ,Big Stone South,Lakeﬁeld Junction,"Big Stone South, Brookings County, Lakefield Junction","Minnesota, South Dakota","MN, SD","MISO, SPP",MISO,MTEP24,LRTP Tranche 2.1,147,Estimated,https://www.misoenergy.org/planning/transmission-planning/mtep/#t=10&p=0&s=&sd=, 
R-0260,P-0219,LRTP 23: Lakefield Junction - East Adair,765 kV (initial concept), ,Planning,2025/12/2,"New circuit, greenfield", ,765,765, ,0,2034,Not started,"CPCN, siting and permitting underway in one state",2026/3/17,Not started,Permitting Underway, ,Lakefield Junction,East Adair,"Lakefield Junction, East Adair","Iowa, Minnesota","IA, MN","MISO, SPP",MISO,MTEP24,LRTP Tranche 2.1,171,Estimated,https://www.misoenergy.org/planning/transmission-planning/mtep/#t=10&p=0&s=&sd=, 
R-0261,P-0220,LRTP 24: Lakefield Junction - Pleasant Valley - North Rochester,765 kV (initial concept),PowerOn Midwest,"Engineering, design, and routing",2026/6/10,"New circuit, greenfield", ,765,765, ,0,2034,Not started,"CPCN, siting and permitting underway",2026/3/17,Not started,Permitting Underway, ,Lakefield Junction,North Rochester,"Lakefield Junction, Pleasant Valley, North Rochester",Minnesota,MN,MISO,MISO,MTEP24,LRTP Tranche 2.1,152,Estimated,https://www.misoenergy.org/planning/transmission-planning/mtep/#t=10&p=0&s=&sd=, 
R-0262,P-0221,LRTP 25: Pleasant Valley - North Rochester - Hampton Corner,345 kV (initial concept),PowerOn Midwest,"Engineering, design, and routing",2026/6/10,"New circuit, greenfield", ,345,345, ,0,2032,Not started,"CPCN, siting and permitting underway",2026/3/17,Not started,Permitting Underway, ,Pleasant Valley (MN),Hampton,"Pleasant Valley, North Rochester, Hampton",Minnesota,MN,MISO,MISO,MTEP24,LRTP Tranche 2.1,62,Estimated,https://www.misoenergy.org/planning/transmission-planning/mtep/#t=10&p=0&s=&sd=, 
R-0263,P-0222,LRTP 26: North Rochester - Columbia,765 kV (initial concept), ,Planning,2025/12/2,"New circuit, greenfield", ,765,765, ,0,2034,Not started,"CPCN, siting and permitting underway in one state",2026/3/17,Not started,Permitting Underway, ,North Rochester,Columbia (WI),"North Rochester, Columbia","Minnesota, Wisconsin","MN, WI",MISO,MISO,MTEP24,LRTP Tranche 2.1,175,Estimated,https://www.misoenergy.org/planning/transmission-planning/mtep/#t=10&p=0&s=&sd=, 
R-0264,P-0223,LRTP 28: South Fond du Lac - Rockdale - Big Bend - Sugar Creek - Kitty Hawk,345 kV (initial concept), ,Planning,2025/12/2,"New circuit, greenfield", ,345,345, ,0,2033,Not started,Not started,2026/3/17,Not started,Not started, ,South Fond du Lac,Kitty Hawk,"South Fond du Lac, Rockdale, Sugar Creek, Kitty Hawk",Wisconsin,WI,MISO,MISO,MTEP24,LRTP Tranche 2.1,126,Estimated,https://www.misoenergy.org/planning/transmission-planning/mtep/#t=10&p=0&s=&sd=, 
R-0265,P-0224,LRTP 29: Bluemond - Arcadian - Waukesha - Muskego - Elm Road - Racine,345 kV (initial concept), ,Planning,2025/12/2,"New circuit, greenfield", ,345,345, ,0,2032,Not started,"CPCN, siting and permitting underway",2026/3/17,Not started,Permitting Underway, ,Bluemond,Racine,"Bluemond, Arcadian, Waukesha,Muskego, Elm Road, Racine",Wisconsin,WI,MISO,MISO,MTEP24,LRTP Tranche 2.1,85,Estimated,https://www.misoenergy.org/planning/transmission-planning/mtep/#t=10&p=0&s=&sd=, 
R-0266,P-0225,Bell Center–Columbia–Sugar Creek–IL/WI State Line 765 kV,765 kV (initial concept),"Transource Energy, Berkshire Hathaway Energy",Planning,2026/2/12,"New circuit, greenfield", ,765,765, ,0,2034,Not started,Not started,2026/3/17,Not started,Not started,LRTP 30: Columbia - Sugar Creek,Bell Center,Sugar Creek,"Bell Center, Columbia, Sugar Creek",Wisconsin,WI,MISO,MISO,MTEP24,LRTP Tranche 2.1,69,Reported,https://www.misoenergy.org/planning/transmission-planning/mtep/#t=10&p=0&s=&sd=, 
R-0267,P-0226,LRTP 31: Sugar Creek - Collins,765 kV (initial concept), ,Planning,2025/12/2,"New circuit, greenfield", ,765,765, ,0,2034,Not started,Not started,2026/3/17,Not started,Not started, ,Sugar Creek,Collins,"Sugar Creek, Collins","Illinois, Wisconsin","IL, WI","MISO, PJM",MISO,MTEP24,LRTP Tranche 2.1,125,Estimated,https://www.misoenergy.org/planning/transmission-planning/mtep/#t=10&p=0&s=&sd=, 
R-0268,P-0227,LRTP 32: Ludington - Denver - Tittabawassee & Nelson Road,345 kV (initial concept), ,Planning,2025/12/2,"New circuit, greenfield", ,345,345, ,0,2032,Not started,Not started,2026/3/17,Not started,Not started, ,Ludington,Nelson Road,"Ludington, Denver, Tittabawassee, Nelson Road",Michigan,MI,MISO,MISO,MTEP24,LRTP Tranche 2.1,153,Estimated,https://www.misoenergy.org/planning/transmission-planning/mtep/#t=10&p=0&s=&sd=, 
R-0269,P-0228,LRTP 33: Greentown - Sorenson - Lulu,765 kV (initial concept), ,Planning,2025/12/2,"New circuit, greenfield", ,765,765, ,0,2033,Not started,Not started,2026/3/17,Not started,Not started, ,Greentown,Lulu,"Greentown, Sorenson, Lulu","Indiana, Michigan","IN, MI","MISO, PJM",MISO,MTEP24,LRTP Tranche 2.1,181,Estimated,https://www.misoenergy.org/planning/transmission-planning/mtep/#t=10&p=0&s=&sd=, 
R-0270,P-0229,LRTP 34: Oneida - Sabine Lake - Blackfoot & Majestic,345 kV (initial concept), ,Planning,2025/12/2,"New circuit, greenfield", ,345,345, ,0,2032,Not started,Not started,2026/3/17,Not started,Not started, ,Oneida,Majestic,"Oneida, Sabine Lake, Blackfoot, Majestic",Michigan,MI,MISO,MISO,MTEP24,LRTP Tranche 2.1,94,Estimated,https://www.misoenergy.org/planning/transmission-planning/mtep/#t=10&p=0&s=&sd=, 
R-0271,P-0230,LRTP 35: Southwest Indiana - Kentucky,345 kV (initial concept), ,Planning,2025/12/2,"New circuit, greenfield", ,345,345, ,0,2032,Not started,Not started,2026/3/17,Not started,Not started, ,Indian Creek,Reid,"Indian Creek, Petersburg Station, Pike County, Duff, F B Culley, Reid","Indiana, Kentucky","IN, KY",MISO,MISO,MTEP24,LRTP Tranche 2.1,87,Estimated,https://www.misoenergy.org/planning/transmission-planning/mtep/#t=10&p=0&s=&sd=, 
R-0272,P-0231,LRTP 36: Southeast Indiana,345 kV (initial concept), ,Planning,2025/12/2,"New circuit, greenfield", ,345,345, ,0,2032,Not started,Not started,2026/3/17,Not started,Not started, ,Madison County (IN),Batesville,"Madison County, Greensboro, Batesville",Indiana,IN,"MISO, PJM",MISO,MTEP24,LRTP Tranche 2.1,18,Estimated,https://www.misoenergy.org/planning/transmission-planning/mtep/#t=10&p=0&s=&sd=, 
R-0273,P-0237,LRTP 37: Maywood - Belleau - MRPD - Sioux - Bugle,345 kV (initial concept), ,Planning,2025/12/2,"New circuit, greenfield", ,345,345, ,0,2032,Not started,Not started,2026/3/17,Not started,Not started, ,Maywood,Bugle,"Maywood, Belleau, Sioux, Bugle, Roxford","Illinois, Missouri","IL, MO",MISO,MISO,MTEP24,LRTP Tranche 2.1,141,Estimated,https://www.misoenergy.org/planning/transmission-planning/mtep/#t=10&p=0&s=&sd=, 
R-0274,P-0232,LRTP 38: East Adair - Marshalltown - Sub T,765 kV (initial concept), ,Planning,2025/12/2,"New circuit, greenfield", ,765,765, ,0,2034,Not started,Not started,2026/3/17,Not started,Not started, ,East Adair,Sub T,"East Adair, Marshalltown/Twinkle, Sub T",Iowa,IA,MISO,MISO,MTEP24,LRTP Tranche 2.1,182,Estimated,https://www.misoenergy.org/planning/transmission-planning/mtep/#t=10&p=0&s=&sd=, 
R-0275,P-0233,LRTP 39: Lehigh - Marshalltown - Franklin North & Montezuma,345 kV (initial concept), ,Planning,2025/12/2,"New circuit, greenfield", ,345,345, ,0,2032,Not started,Not started,2026/3/17,Not started,Not started, ,Lehigh,Montezuma Switching Station,"Lehigh, Marshalltown/Twinkle, Franklin, Montezuma Switching Station",Iowa,IA,"MISO, SPP",MISO,MTEP24,LRTP Tranche 2.1,144,Estimated,https://www.misoenergy.org/planning/transmission-planning/mtep/#t=10&p=0&s=&sd=, 
R-0276,P-0234,LRTP 40: Sub T - Woodford County - Collins & Reynolds,765 kV (initial concept), ,Planning,2025/12/2,"New circuit, greenfield", ,765,765, ,0,2034,Not started,Not started,2026/3/17,Not started,Not started, ,Sub T,Reynolds,"Sub T, Woodford, Collins, Reynolds","Illinois, Indiana, Iowa","IA, IL, IN","MISO, PJM",MISO,MTEP24,LRTP Tranche 2.1,300,Estimated,https://www.misoenergy.org/planning/transmission-planning/mtep/#t=10&p=0&s=&sd=, 
R-0277,P-0235,LRTP 41: Woodford County - Fargo & Radbourn,345 kV (initial concept), ,Planning,2025/12/2,"New circuit, greenfield", ,345,345, ,0,2032,Not started,Not started,2026/3/17,Not started,Not started, ,Woodford,Radbourn,"Woodford, Fargo 345 kV, Radbourn",Illinois,IL,"MISO, PJM",MISO,MTEP24,LRTP Tranche 2.1,73,Estimated,https://www.misoenergy.org/planning/transmission-planning/mtep/#t=10&p=0&s=&sd=, 
R-0278,P-0236,LRTP 42: Burr Oak - Schahfer,345 kV (initial concept), ,Planning,2025/12/2,"New circuit, greenfield", ,345,345, ,0,2032,Not started,Not started,2026/3/17,Not started,Not started, ,Burr Oak,Schahfer,"Burr Oak, Schahfer",Indiana,IN,MISO,MISO,MTEP24,LRTP Tranche 2.1,31,Estimated,https://www.misoenergy.org/planning/transmission-planning/mtep/#t=10&p=0&s=&sd=, 
R-0279,P-0238,Lufkin Switch - Redland Switch 345 kV Line, ,Oncor,Planning,2024/12/18,"New circuit, greenfield", ,345,345, ,0,2025,Permitting Underway,"CPCN, siting and permitting final decision",2026/3/17,Permitting Underway,Permitting Complete, ,Lufkin Switch,Redland Switch,"Lufkin Switch, Redland Switch",Texas,TX,ERCOT,ERCOT,20RPG019, ,6,Estimated,https://www.ercot.com/gridinfo/planning, 
R-0280,P-0239,Lugo - Victorville 500 kV Upgrade, ,Southern California Edison,Planning,2024/5/23,Upgrade, ,500,500, ,0,2027, , , , , , ,Lugo,Victorville, ,California,CA,CAISO,CAISO, , ,16,Estimated,https://www.caiso.com/documents/iso-board-approved-2023-2024-transmission-plan.pdf, 
R-0281,P-0240,Lutesville - St. Francois, ,Ameren, ,,Rebuild, ,345,345, ,0,2024, , , , , , ,Lutesville,St. Francois,"Lutesville, St. Francois",Missouri,MO,MISO,MISO,MTEP20, ,63,Estimated,https://www.misoenergy.org/planning/transmission-planning/mtep/#t=10&p=0&s=&sd=, 
R-0282,P-0241,Madison - Ottumwa, ,Ameren Illinois, ,,Upgrade,Aboveground,345,345, ,0, ,Not started,Not started,2026/3/17,Not started,Not started,LRTP 12: Madison - Ottumwa - Coddington,Madison County (IA),Ottumwa Generating Station,"Madison County, Ottumwa Generating Station",Iowa,IA,MISO,MISO,MTEP21,LRTP Tranche 1,72,Estimated,https://www.misoenergy.org/planning/transmission-planning/mtep/#t=10&p=0&s=&sd=, 
R-0283,P-0242,Majestic - Coventry - Wayne Reconductor Project, ,ITC, ,,Reconductor,Aboveground,345,345, ,0,2025,Not started,Not started,2026/3/17,Not started,Not started,LRTP 18: Oneida - Nelson Rd.,Majestic,Wayne,"Majestic, Coventry, Wayne",Michigan,MI,MISO,MISO,MTEP21,LRTP Tranche 1,20,Estimated,https://www.dextertownship.org/wp-content/uploads/Majestic-Wayne-project-profile-FINAL-080823.pdf,https://www.misoenergy.org/planning/transmission-planning/mtep/#t=10&p=0&s=&sd=
R-0284,P-0243,Majestic - Milan, ,ITC, ,,"New circuit, greenfield", ,345,345, ,0,2025,Not started,Not started,2026/3/17,Not started,Not started, ,Majestic,Milan,"Majestic, Milan",Michigan,MI,MISO,MISO,MTEP23, ,25,Estimated,https://www.misoenergy.org/planning/transmission-planning/mtep/#t=10&p=0&s=&sd=, 
R-0285,P-0244,Mankato - Mississippi River Transmission Project Options,Segment 1: Mankato to Faribault,Xcel Energy,Permitting,2024/12/5,"New circuit, greenfield",Aboveground,345,345, ,0,2028,Permitting Underway,"CPCN, siting and permitting underway",2026/3/17,Permitting Underway,Permitting Underway,LRTP 04: Wilmarth - North Rochester - Tremval,Wilmarth,West Faribault,"Wilmarth, Eastwood, West Faribault",Minnesota,MN,MISO,MISO,MTEP21,LRTP Tranche 1,88,Estimated,https://mmrtproject.com/,https://www.misoenergy.org/planning/transmission-planning/mtep/#t=10&p=0&s=&sd=
R-0286,P-0244,Mankato - Mississippi River Transmission Project Options,Segment 2: Faribualt to Pine Island,Xcel Energy,Permitting,2024/12/5,"New circuit, greenfield",Aboveground,345,345, ,0,2028,Not started,"CPCN, siting and permitting underway",2025/12/8,Not started,Permitting Underway,LRTP 04: Wilmarth - North Rochester - Tremval,West Faribault,North Rochester,"West Faribault, North Rochester",Minnesota,MN,MISO,MISO,MTEP21,LRTP Tranche 1,73,Estimated,https://mmrtproject.com/,https://www.misoenergy.org/planning/transmission-planning/mtep/#t=10&p=0&s=&sd=
R-0287,P-0244,Mankato - Mississippi River Transmission Project Options,Segment 3: Pine Iesland to Kellogg,"Xcel Energy, Dairyland Power Cooperative, Rochester Public Utilities, Southern Minnesota Municipal Power Agency",Permitting,2024/12/5,"New circuit, greenfield",Aboveground,161,161, ,0,2028,Not started,"CPCN, siting and permitting underway",2025/12/8,Not started,Permitting Underway,LRTP 04: Wilmarth - North Rochester - Tremval,North Rochester, ,North Rochester,Minnesota,MN,MISO,MISO,MTEP21,LRTP Tranche 1,45,Estimated,https://mmrtproject.com/,https://www.misoenergy.org/planning/transmission-planning/mtep/#t=10&p=0&s=&sd=
R-0288,P-0244,Mankato - Mississippi River Transmission Project Options,Segment 4: Rochester Connector,"Xcel Energy, Dairyland Power Cooperative, Rochester Public Utilities, Southern Minnesota Municipal Power Agency",Permitting,2024/12/5,"New circuit, greenfield",Aboveground,161,161, ,0,2028,Not started,"CPCN, siting and permitting underway",2025/12/8,Not started,Permitting Underway,LRTP 04: Wilmarth - North Rochester - Tremval,North Rochester,NA - Mississippi River (connection location),North Rochester,"Minnesota, Wisconsin","MN, WI",MISO,MISO,MTEP21,LRTP Tranche 1,41,Estimated,https://mmrtproject.com/,https://www.misoenergy.org/planning/transmission-planning/mtep/#t=10&p=0&s=&sd=
R-0289,P-0245,Manning 500/230 kV Substation Project, ,LS Power Grid California,Permitting,2025/4/8,"New circuit, greenfield", ,230,230, ,0,2028, , , , , , ,Manning,Tranquility,"Manning, Tranquility",California,CA,CAISO,CAISO, , ,12,Reported,https://www.lspgridcalifornia.com/manning/, 
R-0290,P-0246,Marion - Levy - Alachua Reliability Projects, ,Duke Energy,Construction,2025/1/29,Rebuild, ,230,230, ,0,2027, , , , , , ,Archer,Silver Springs North,"Archer, Williston, Martin West, Silver Springs North",Florida,FL,None (Southeast), , , ,33,Reported,https://www.duke-energy.com/our-company/about-us/electric-transmission-projects/marion-levy-alachua, 
R-0291,P-0247,Mars - Golden 500 kV Line, ,Dominion Energy,"Engineering, design, and routing",2026/6/10,"New circuit, greenfield", ,500,500, ,0,2028,Not started,"CPCN, siting and permitting underway",2026/3/17,Not started,Permitting Underway, ,Mars,Golden,"Mars, Golden",Virginia,VA,PJM,PJM, , ,5,Estimated,https://www.pjm.com/planning/m/project-construction, 
R-0292,P-0248,Mars - Lockridge 230 kV Line, ,Dominion Energy,"Engineering, design, and routing",2025/1/1,"New circuit, greenfield", ,230,230, ,0,2028, , , , , , ,Mars,Lockridge,"Mars, Lockridge",Virginia,VA,PJM,PJM, , ,3.6,Estimated,https://www.pjm.com/planning/m/project-construction, 
R-0293,P-0249,Martins Creek - Monroe 230 kV Line, ,PPL Electric Utilities,"Engineering, design, and routing",2025/1/1,"New circuit, existing ROW", ,230,230, ,0,2028, , , , , , ,Martins Creek,Monroe (PA),"Martins Creek, Monroe",Pennsylvania,PA,PJM,PJM, , ,14,Estimated,https://www.pjm.com/planning/m/project-construction, 
R-0294,P-0250,Maryland Piedmont Reliability Project, ,PSEG,"Engineering, design, and routing",2025/4/8,"New circuit, greenfield", ,500,500, ,0, ,Permitting Underway,"CPCN, siting and permitting underway",2026/3/17,Permitting Underway,Permitting Underway, ,Not yet determined,Doubs,Doubs,Maryland,MD,PJM, , , ,70,Reported,https://corporate.pseg.com/aboutpseg/companyinformation/thepsegfamilyofcompanies/psegrenewabletransmission/mprp-proposed-route, 
R-0295,P-0251,Mayo - Person Transmission Line Upgrade Project, ,Duke Energy,"Engineering, design, and routing",2025/2/6,Upgrade, ,500,500, ,0,2025, , , , , , ,Mayo,Person,"Mayo, Person",North Carolina,NC,PJM, , , ,10,Reported,https://www.duke-energy.com/-/media/pdfs/our-company/230900-may-person-route-map.pdf?rev=1f623ef48db24927ada782cb782ae280, 
R-0296,P-0252,MCV - Tittabawassee, ,Michigan Electric Transmission Company,Complete,2026/4/2,Rebuild, ,345,345, ,0,2028, , , , , , ,MCV,Tittabawassee,"MCV, Tittabawassee",Michigan,MI,MISO,MISO,MTEP19, ,2.5,Estimated,https://www.misoenergy.org/planning/transmission-planning/mtep/#t=10&p=0&s=&sd=, 
R-0297,P-0252,MCV - Tittabawassee, ,Michigan Electric Transmission Company,Complete,2026/4/2,Rebuild, ,345,345, ,0,2028, , , , , , ,MCV,Tittabawassee,"MCV, Tittabawassee",Michigan,MI,MISO,MISO,MTEP19, ,2.6,Estimated,https://www.misoenergy.org/planning/transmission-planning/mtep/#t=10&p=0&s=&sd=, 
R-0298,P-0253,Meadowville 230 kV Project,Rebuild,Dominion Energy,Permitting,2025/2/8,Rebuild, ,230,230, ,0,2028, , , , , , ,Sycamore Springs Switching Station,Enon,"Sycamore Springs Switching Station, Enon",Virginia,VA,PJM, , , ,3,Estimated,https://www.dominionenergy.com/projects-and-facilities/electric-projects/power-line-projects/meadowville, 
R-0299,P-0253,Meadowville 230 kV Project,New build,Dominion Energy,Permitting,2025/2/8,"New circuit, greenfield", ,230,230, ,0,2028, , , , , , ,Enon,Bermuda Hundred Switching Station,"Enon, White Mountain, Meadowville Switching Station, Sloan Drive Switching Station, Bermuda Hundred Switching Station",Virginia,VA,PJM, , , ,5,Estimated,https://www.dominionenergy.com/projects-and-facilities/electric-projects/power-line-projects/meadowville, 
R-0300,P-0254,Merrill Road to Larrabee Road, ,Central Maine Power Company,Construction,2024/10/1,"New circuit, greenfield", ,345,345, ,0,2025,Permitting Complete,"CPCN, siting and permitting final decision",2026/3/17,Complete,Permitting Complete, ,Merrill Road,Larrabee Road,"Merrill Road, Larrabee Road",Maine,ME,ISO-NE,ISO-NE, , ,1.6,Reported,https://www.iso-ne.com/system-planning/system-plans-studies/rsp/rsp-project-list-and-the-asset-condition-list, 
R-0301,P-0255,Midland East - Midland County NW 345 kV Line Rebuild, ,Oncor,Planning,2024/12/18,"Rebuild; New circuit, existing ROW", ,345,345, ,0,2028,Not started,Not started,2026/3/17,Not started,Not started, ,Midland East,Midland County NW,"Midland East, Midland County NW",Texas,TX,ERCOT,ERCOT,23RPG029, ,17,Estimated,https://www.ercot.com/gridinfo/planning, 
R-0302,P-0256,Midway - Ashe 230kV Transmission Line, ,"Bonneville Power Administration, Department of Energy Richland",Complete,2025/9/24,"New circuit, greenfield",Aboveground,230,230, ,0,2025, , , , , , ,Midway (WA),Ashe,"Midway, Ashe",Washington,WA,None (Non-RTO West), , , ,23,Estimated,https://www.shannonwilson.com/projects/192398, 
R-0303,P-0257,Midway - Kern 230 kV Line, ,Pacific Gas and Electric Company (PG&E),Planning,2024/5/23,Reconductor, ,230,230, ,0,2027, , , , , , ,Midway (CA),Kern,"Midway, Kern",California,CA,CAISO,CAISO, , ,21,Estimated,https://www.caiso.com/documents/iso-board-approved-2023-2024-transmission-plan.pdf, 
R-0304,P-0258,Miguel-Sycamore Canyon Loop-in to Suncrest, ,San Diego Gas & Electric (SDG&E),Planning,2024/5/23,"New circuit, greenfield", ,230,230, ,0,2032, , , , , , ,Suncrest,NA -- line interconnection,Suncrest,California,CA,CAISO,CAISO, , ,12,Estimated,https://www.caiso.com/documents/iso-board-approved-2023-2024-transmission-plan.pdf, 
R-0305,P-0259,Minco - Pleasant Valley - Draper 345 kV, ,Oklahoma Gas and Electric,Construction,2024/12/20,"New circuit, greenfield", ,345,345, ,0,2025,Not started,"CPCN, siting and permitting final decision",2026/3/17,Not started,Permitting Complete, ,Minco,Draper,"Minco, Pleasant Valley, Draper",Oklahoma,OK,SPP,SPP,2020 ITP, ,48,Estimated,https://www.nexteraenergytransmission.com/subsidiaries/neetsw/projects/mpvd.html,https://www.spp.org/spp-documents-filings/?id=18641
R-0306,P-0260,Mio Dam - Twining, ,Michigan Electric Transmission Company, ,,"New circuit, greenfield", ,345,345, ,0,2026,Not started,Not started,2026/3/17,Not started,Not started, ,Mio,Twining,"Mio, Twining",Michigan,MI,MISO, , , ,41,Estimated,https://www.misoenergy.org/planning/transmission-planning/mtep/#t=10&p=0&s=&sd=, 
R-0307,P-0261,Mira Loma - Mesa Upgrade, ,Southern California Edison,Planning,2024/5/23,Upgrade, ,500,500, ,0,2026, , , , , , ,Mira Loma (CA),Mesa,"Mira Loma, Mesa",California,CA,CAISO,CAISO, , ,31,Estimated,https://www.caiso.com/documents/iso-board-approved-2023-2024-transmission-plan.pdf, 
R-0308,P-0262,Mitigate sag limits on Wayne - Tollway 345 kV line, ,Commonwealth Edison,Planning,2025/1/1,Upgrade, ,345,345, ,0, , , , , , , ,Wayne (IL),Tollway,"Wayne, Tollway",Illinois,IL,PJM,PJM, , ,6,Estimated,https://www.pjm.com/planning/m/project-construction, 
R-0309,P-0263,MN Energy Connection Route Options, ,Xcel Energy,Permitting,2025/1/28,"New circuit, greenfield",Aboveground,345,345, ,2000,2028,Not started,"CPCN, siting and permitting final decision",2026/3/17,Not started,Permitting Complete, ,Sherburne County,Garvin,"Sherburne County, Garvin",Minnesota,MN,"MISO, SPP", , , ,378,Estimated,https://xcelenergytransmission.com/projects/mn-energy-connection/, 
R-0310,P-0264,Moody to Stewart Ckt.63 Upgrades P1041, ,CenterPoint Energy,Planning,2024/12/18,Reconductor, ,345,345, ,0,2025, , , , , , ,Moody REIT,Stewart,"Moody REIT, Stewart",Texas,TX,MISO,ERCOT, , ,4.5,Estimated,https://www.ercot.com/gridinfo/planning, 
R-0311,P-0265,Mora Transmission Line Project,Don Carlos-Mora 345 kV,Lucky Corridor LLC (Ameren Transmission),Planning,2025/11/25,"New circuit, greenfield",Aboveground,345,345,AC,182,2024,Not started,Not started,2026/3/17,Not started,Not started, ,Don Carlos,Mora,"Don Carlos, Mora",New Mexico,NM,SPP,Merchant, , ,47,Estimated,http://www.luckycorridor.com/MoraProject.html#info_overview, 
R-0312,P-0265,Mora Transmission Line Project,Mora-Arriba 115kV,Lucky Corridor LLC (Ameren Transmission),Planning,2025/11/25,"New circuit, greenfield",Aboveground,115,115,AC,182,2024,Not started,Not started,2025/12/10,Not started,Not started, ,Mora,Arriba,"Mora, Arriba",New Mexico,NM,SPP,Merchant, , ,65,Estimated,http://www.luckycorridor.com/MoraProject.html#info_overview, 
R-0313,P-0266,Moraga-Castro Valley 230 kV Line Capacity Increase, ,Pacific Gas and Electric Company (PG&E),Planning,2024/5/23,Upgrade, ,230,230, ,0,2026, , , , , , ,Moraga,Castro Valley Tap,"Moraga, Castro Valley Tap",California,CA,CAISO,CAISO, , ,14,Estimated,https://www.caiso.com/documents/iso-board-approved-2023-2024-transmission-plan.pdf, 
R-0314,P-0267,Morgan Hill Area Reinforcement, ,Pacific Gas and Electric Company (PG&E),Planning,2024/5/23,"New circuit, greenfield", ,230,230, ,0,2029, , , , , , ,Morgan Hill,NA -- line interconnection,Morgan Hill,California,CA,CAISO,CAISO, , ,0.7,Estimated,https://www.caiso.com/documents/iso-board-approved-2023-2024-transmission-plan.pdf, 
R-0315,P-0268,Morrisville Industrial Transmission Line Project, ,Duke Energy,"Engineering, design, and routing",2025/4/1,"New circuit, greenfield", ,230,230, ,0, , , , , , , ,Morrisville (NC),NA- ties in to existing line,Morrisville,North Carolina,NC,None (Southeast), , , ,1.8,Estimated,https://www.duke-energy.com/our-company/about-us/electric-transmission-projects/morrisville-transmission-line, 
R-0316,P-0269,Morrisville to Vint Hill 500 kV Line, ,Dominion Energy,Permitting,2026/6/10,"New circuit, greenfield", ,500,500, ,0,2029,Not started,"CPCN, siting and permitting underway",2026/3/17,Not started,Permitting Underway, ,Morrisville (VA),Vint Hill,"Morrisville, Vint Hill",Virginia,VA,PJM,PJM, , ,19.7,Reported,https://www.pjm.com/planning/m/project-construction, 
R-0317,P-0270,Mount Vernon - Xenia, ,Ameren Illinois, ,,Rebuild, ,345,345, ,0,2028, , , , , , ,West Mount Vernon, ,West Mount Vernon,Illinois,IL,MISO,MISO,MTEP23, ,32,Estimated,https://www.misoenergy.org/planning/transmission-planning/mtep/#t=10&p=0&s=&, 
R-0318,P-0271,Mt Vernon West - West Frankfort East, ,Ameren Illinois, ,,Rebuild, ,345,345, ,0,2025, , , , , , ,West Mount Vernon,West Frankfort East,"West Mount Vernon, West Frankfort East",Illinois,IL,MISO,MISO,MTEP23, ,35,Estimated,https://www.misoenergy.org/planning/transmission-planning/mtep/#t=10&p=0&s=&sd=, 
R-0319,P-0272,Mt. Storm - Valley 500 kV Rebuild, ,Dominion Energy,Complete,2025/8/25,Rebuild, ,500,500, ,0,2023, , , , , , ,Mount Storm,Valley (VA),"Mount Storm, Valley","Virginia, West Virginia","VA, WV",PJM, , , ,64,Reported,https://www.dominionenergy.com/projects-and-facilities/electric-projects/power-line-projects/mtstorm-valley, 
R-0320,P-0273,Murphy - Orr Road 345 kV, ,Michigan Electric Transmission Company, ,,"New circuit, greenfield", ,345,345, ,0,2026,Not started,Not started,2026/3/17,Not started,Not started, ,Murphy,Orr Road,"Murphy, Orr Road",Michigan,MI,MISO,MISO,MTEP24, ,2.6,Estimated,https://www.misoenergy.org/planning/transmission-planning/mtep/#t=10&p=0&s=&sd=, 
R-0321,P-0274,Nacogdoches Southeast_Redland 345kV Line, ,Oncor,Planning,2024/12/18,"New circuit, greenfield", ,345,345, ,0,2024,Permitting Underway,"CPCN, siting and permitting final decision",2026/3/17,Permitting Underway,Permitting Complete, ,Nacgodoches,Redland Switch,"Nacgodoches, Redland Switch",Texas,TX,ERCOT,ERCOT,20RPG019, ,12,Estimated,https://www.ercot.com/gridinfo/planning, 
R-0322,P-0275,Nebula - Raines 230 kV Route Options, ,Dominion Energy,"Engineering, design, and routing",2025/8/14,"New circuit, greenfield", ,230,230, ,0,2029, , , , , , ,Cloud,Raines,"Cloud, Nebula, Raines",Virginia,VA,PJM, , , ,44,Estimated,https://www.dominionenergy.com/projects-and-facilities/electric-projects/power-line-projects/nebula-raines, 
R-0323,P-0276,Nelson Lake - Square Butte / Stanton, ,Minnesota Power, ,,"New circuit, greenfield", ,230,230, ,0,2026, , , , , , ,Nelson Lake,Stanton,"Nelson Lake, Stanton",North Dakota,ND,"MISO, SPP",MISO,MTEP23, ,17,Estimated,https://www.misoenergy.org/planning/transmission-planning/mtep/#t=10&p=0&s=&, 
R-0324,P-0277,Nelson Lake - Square Butte East / Bison, ,Minnesota Power, ,,"New circuit, greenfield", ,230,230, ,0,2022, , , , , , ,Nelson Lake,Bison (ND1),"Nelson Lake, Bison",North Dakota,ND,"MISO, SPP",MISO,MTEP23, ,17,Estimated,https://www.misoenergy.org/planning/transmission-planning/mtep/#t=10&p=0&s=&, 
R-0325,P-0278,New England Clean Energy Connection, ,Avangrid,Construction,2024/10/1,"New circuit, greenfield; New circuit, existing ROW", ,320,320, ,0,2025,Permitting Complete,"CPCN, siting and permitting final decision",2026/3/17,Complete,Permitting Complete, ,NA,Merill Road,Merill Road,Maine,ME,ISO-NE,ISO-NE, , ,142,Estimated,https://www.necleanenergyconnect.org/about-the-project,https://www.iso-ne.com/system-planning/system-plans-studies/rsp/rsp-project-list-and-the-asset-condition-list
R-0326,P-0279,New England Clean Power Link, ,TDI New England,On Hold,2026/4/2,"New circuit, greenfield",Underground,320,320, ,0,2027,ROD issued,"CPCN, siting and permitting underway, completed in one state",2026/3/17,Record of Decision Issued,Partially Complete, ,Monteregie,Coolidge,"Monteregie, Coolidge","New York, Vermont","NY, VT",ISO-NE,ISO-NE, , ,197,Estimated,http://www.necplink.com/schedule.php,https://www.iso-ne.com/system-planning/system-plans-studies/rsp/rsp-project-list-and-the-asset-condition-list
R-0327,P-0280,New Humboldt to Collinsville 500 kV Line, ,Pacific Gas and Electric Company (PG&E),Planning,2026/3/16,"New circuit, greenfield", ,500,500, ,0,2034,Not started,Not started,2026/3/17,Not started,Not started, ,Humboldt 500kV,Collinsville,"Humboldt 500kV, Collinsville",California,CA,CAISO,CAISO, , ,260,Reported,https://www.caiso.com/documents/iso-board-approved-2023-2024-transmission-plan.pdf, 
R-0328,P-0281,New Humboldt to Fern Road 500 kV Line, ,Pacific Gas and Electric Company (PG&E),Planning,2026/3/16,"New circuit, greenfield", ,500,500,AC,0,2034,Not started,Not started,2026/3/17,Not started,Not started, ,Humboldt 500kV,Fern Road,"Humboldt 500kV, Fern Road",California,CA,CAISO,CAISO, , ,140,Reported,https://www.caiso.com/documents/iso-board-approved-2023-2024-transmission-plan.pdf, 
R-0329,P-0282,New York Energy Solution, ,New York Transco,Complete,2025/1/28,Upgrade,Aboveground,115,345, ,0,2023, , , , , , ,Knickerbocker,Van Wagner,"Knickerbocker, Churchtown, Blue Stones Tap Station, Pleasant Valley, Van Wagner",New York,NY,NYISO, , , ,55,Reported,https://www.ny-es.com/, 
R-0330,P-0283,Nimbus 230 kV Line Loop, ,Dominion Energy,Construction,2026/6/24,"New circuit, greenfield", ,230,230, ,0,2026, , , , , , ,Nimbus,NA,"Nimbus, NA",Virginia,VA,PJM,PJM, , ,0.7,Estimated,https://www.scc.virginia.gov/consumers/public-utility/electricity-faqs/transmission-line-projects/,https://www.pjm.com/planning/m/project-construction
R-0331,P-0284,Noblesville - Westfield Reliability Projects,Northern Segment,Duke Energy,Complete,2025/8/25,"New circuit, existing ROW", ,69,69, ,0,2026, , , , , , ,Westfield Northeast,Noblesville West,"Westfield Northeast, Noblesville West",Indiana,IN,MISO, , , ,2.5,Reported,"https://www.duke-energy.com/our-company/about-us/electric-transmission-projects/noblesville#:~:text=These%20improvements%20include%20building%20a,the%20Noblesville%2DWestfield%20Reliability%20Projects.", 
R-0332,P-0284,Noblesville - Westfield Reliability Projects,Southern Segment,Duke Energy,Complete,2025/8/25,"New circuit, greenfield", ,69,69, ,0,2026, , , , , , ,Noblesville West,NA - ties in to existing line,Noblesville West,Indiana,IN,MISO, , , ,1.8,Reported,"https://www.duke-energy.com/our-company/about-us/electric-transmission-projects/noblesville#:~:text=These%20improvements%20include%20building%20a,the%20Noblesville%2DWestfield%20Reliability%20Projects.", 
R-0333,P-0285,Nokesville - Hornbaker 230 kV Line, ,Dominion Energy,"Engineering, design, and routing",2025/8/14,"New circuit, greenfield", ,230,230, ,0,2029, , , , , , ,Nokesville,Hornbaker,"Nokesville, Hornbaker",Virginia,VA,PJM,PJM, , ,4.9,Estimated,https://www.pjm.com/planning/m/project-construction, 
R-0334,P-0286,North Anna - Kraken 500 kV Line, ,Dominion Energy,"Engineering, design, and routing",2026/5/30,"New circuit, greenfield", ,500,500, ,0,2029,Not started,Not started,2026/3/17,Not started,Not started, ,North Anna,Kraken,"North Anna, Kraken",Virginia,VA,PJM,PJM, , ,19,Estimated,https://www.pjm.com/planning/m/project-construction, 
R-0335,P-0287,North Appleton - Fox River, ,American Transmission Company (ATC), ,,Reconductor,Aboveground,345,345, ,0,2028, , , , , , ,North Appleton,Fox River,"North Appleton, Fox River",Wisconsin,WI,MISO,MISO,MTEP23, ,48,Estimated,https://www.misoenergy.org/planning/transmission-planning/mtep/#t=10&p=0&s=&sd=, 
R-0336,P-0288,North Central Florida Upgrade Project, ,Duke Energy,"Engineering, design, and routing",2025/2/6,Upgrade, ,230,230, ,0,2028, , , , , , ,Hamilton Solar,Killearn Tap,"Hamilton Solar, West Lake, Sonnie Tap, Hanson, Greenville, Aucilla Tap, Drifton, Lloyd Tap, Miccosukee Tap, Baker Tap, Killearn Tap",Florida,FL,None (Southeast), , , ,73,Estimated,https://duke-energy-maps.com/, 
R-0337,P-0289,North Dakota/Saskatchewan Border (Tableland) - Tande 230 kV Ckt 1, ,Basin Electric Power Cooperative, ,2025/5/20,"New circuit, greenfield", ,230,230, ,0,2027, , , , , , ,US/Canada border (connection location),Tande,Tande,North Dakota,ND,"MISO, SPP",SPP,SPP-2021-AG2, ,67,Reported,https://www.basinelectric.com/about-us/transmission/Tande-Wheelock-Saskatchewan,https://www.spp.org/spp-documents-filings/?id=18641
R-0338,P-0290,North Dakota/Saskatchewan Border (Tableland) - Wheelock 230 kV Ckt 1, ,Basin Electric Power Cooperative, ,2025/5/20,"New circuit, greenfield", ,230,230, ,0,2027, , , , , , ,US/Canada border (connection location),Wheelock,Wheelock,North Dakota,ND,"MISO, SPP",SPP,SPP-2021-AG2, ,70,Reported,https://www.basinelectric.com/about-us/transmission/Tande-Wheelock-Saskatchewan,https://www.spp.org/spp-documents-filings/?id=18641
R-0339,P-0291,North Delta - High Ridge 500 kV Line, ,"PECO, Baltimore Gas and Electric Company (BGE)","Engineering, design, and routing",2026/6/10,"New circuit, greenfield", ,500,500, ,0,2030,Not started,Not started,2026/3/17,Not started,Not started, ,North Delta,High Ridge,"North Delta (Bramah), High Ridge","Maryland, Pennsylvania","MD, PA",PJM,PJM, , ,59,Reported,https://www.pjm.com/planning/m/project-construction,https://goodenergyinprogress.com/project/tri-county-transmission-upgrade-project/maryland-line-highridge/
R-0340,P-0292,North Dublin - Vineyard 230 kV Reconductoring, ,Pacific Gas and Electric Company (PG&E), ,,Reconductor, ,230,230, ,0,2034, , , , , , ,North Dublin,Vineyard Tap,"North Dublin, Vineyard Tap",California,CA,CAISO,CAISO, , ,5,Estimated,https://www.caiso.com/documents/iso-board-approved-2023-2024-transmission-plan.pdf , 
R-0341,P-0293,North Gila - Imperial Valley 500 kV Line, ,San Diego Gas & Electric (SDG&E),Planning,2025/12/3,"New circuit, existing ROW", ,500,500, ,0,2032,Not started,"CPCN, siting and permitting underway",2026/3/17,Not started,Permitting Underway, ,North Gila,Imperial Valley (B),"North Gila, Imperial Valley","Arizona, California","AZ, CA",None,CAISO, , ,81,Estimated,https://stakeholdercenter.caiso.com/InitiativeDocuments/Appendix-H-Board-Approved-2022-2023-Transmission-Plan.pdf, 
R-0342,P-0294,North of Marion Upgrade #1 (Rebuild Chemawa - Santiam), ,Bonneville Power Administration, ,,Rebuild, ,500,500, ,0, ,Not started,Not started,2026/3/17,Not started,Not started, ,Chemawa,Santiam,"Chemawa, Santiam",Oregon,OR,None (Non-RTO West),Bonneville Power Administration, ,Evolving Grid Projects (EGP) 2.0,24,Estimated,https://www.bpa.gov/-/media/Aep/transmission/evolving-grid/EGP-20-Public-Workshop-17-Oct-2024.pdf, 
R-0343,P-0295,North of Marion Upgrade #1 (Rebuild Pearl - Chemawa), ,Bonneville Power Administration, ,,Rebuild, ,500,500, ,0, ,Not started,Not started,2026/3/17,Not started,Not started, ,Pearl,Chemawa,"Pearl, Chemawa",Oregon,OR,None (Non-RTO West),Bonneville Power Administration, ,Evolving Grid Projects (EGP) 2.0,25,Estimated,https://www.bpa.gov/-/media/Aep/transmission/evolving-grid/EGP-20-Public-Workshop-17-Oct-2024.pdf, 
R-0344,P-0296,North of Marion Upgrade #2, ,Bonneville Power Administration, ,,Rebuild, ,500,500, ,0, ,Not started,Not started,2026/3/17,Not started,Not started, ,Pearl,Marion,"Pearl, Marion",Oregon,OR,None (Non-RTO West),Bonneville Power Administration, ,Evolving Grid Projects (EGP) 2.0,39,Estimated,https://www.bpa.gov/-/media/Aep/transmission/evolving-grid/EGP-20-Public-Workshop-17-Oct-2024.pdf, 
R-0345,P-0297,North of Pearl (New build), ,Bonneville Power Administration, ,,"New circuit, greenfield", ,500,500, ,0, ,Not started,Not started,2026/3/17,Not started,Not started, ,Pearl,Keeler,"Pearl, Keeler",Oregon,OR,None (Non-RTO West),Bonneville Power Administration, ,Evolving Grid Projects (EGP) 2.0,19,Estimated,https://www.bpa.gov/-/media/Aep/transmission/evolving-grid/EGP-20-Public-Workshop-17-Oct-2024.pdf, 
R-0346,P-0298,North of Pearl (Rebuild), ,Bonneville Power Administration, ,,"Reconductor; New circuit, existing ROW", ,500,500, ,0, , , , , , , ,Pearl,Keeler,"Pearl, Keeler",Oregon,OR,None (Non-RTO West),Bonneville Power Administration, ,Evolving Grid Projects (EGP) 2.0,18,Estimated,https://www.bpa.gov/-/media/Aep/transmission/evolving-grid/EGP-20-Public-Workshop-17-Oct-2024.pdf, 
R-0347,P-0299,North of SONGS - Serrano 500 kV line, ,"Southern California Edison, Lotus Infrastructure Partners", ,2026/3/6,"New circuit, greenfield", ,500,500, ,0, ,Not started,Not started,2026/3/17,Not started,Not started, ,San Ofre Nuclear Power Plant (SONGS),Serrano,"San Ofre Nuclear Power Plant (SONGS), Serrano",California,CA,CAISO,CAISO,WestTec 10 Yr Plan,Base Case,40,Estimated,"https://newsroom.edison.com/releases/southern-california-edison-lotus-infrastructure-partners-chosen-by-caiso-to-build-major-transmission-project-between-san-diego-orange-counties#:~:text=The%20North%20of%20SONGS%20to,the%20southern%20Orange%20County%20a",https://www.westernpowerpool.org/private-media/documents/WestTEC_10-year_Full_Report.pdf
R-0348,P-0300,North Path, ,"Invenergy, New Mexico Renewable Energy Transmission Authority (RETA)",Planning,2024/9/1,"New circuit, greenfield",Aboveground,525,525,DC,4000,2028,Not started,Not started,2026/3/17,Not started,Not started, ,Not specified,Four Corners,Four Corners,New Mexico,NM,SPP,Merchant, , ,791,Estimated,https://newmexiconorthpath.com/, 
R-0349,P-0301,North Plains Connector,500 DC,Grid United,Permitting,2026/3/16,"New circuit, greenfield",Aboveground,500,500,DC,3000,2032,EIS/EIA Underway,Not started,2026/3/17,Permitting Underway,Not started, ,Colstrip, ,Colstrip,"Montana, North Dakota","MT, ND","SPP, MISO",Merchant, , ,333,Estimated,https://northplainsconnector.com/, 
R-0350,P-0301,North Plains Connector,345 AC,Grid United,Permitting,2026/3/16,"New circuit, greenfield",Aboveground,345,345,AC,3000,2032,EIS/EIA Underway,Not started,2025/12/10,Permitting Underway,Not started, ,Colstrip,Center 345kV Switchyard,"Colstrip, Center 345kV Switchyard",North Dakota,ND,"SPP, MISO",Merchant, , ,68,Estimated,https://northplainsconnector.com/, 
R-0351,P-0302,Northern Colorado Area Plan - Ault to Cloverly Transmission Project,WAPA Ault - Husky,Xcel Energy,Complete,2024/11/27,"New circuit, greenfield",Aboveground,230,230, ,0,2024, , , , , , ,WAPA Ault,Husky,"WAPA Ault, Husky",Colorado,CO,None (Non-RTO West), , , ,4.6,Estimated,https://xcelenergytransmission.com/projects/northerncoloradoareaplan/, 
R-0352,P-0302,Northern Colorado Area Plan - Ault to Cloverly Transmission Project,Husky - Collins St,Xcel Energy,Complete,2024/11/27,"New circuit, greenfield",Aboveground,115,230, ,0,2024, , , , , , ,Husky,Collins St,"Husky, Collins St",Colorado,CO,None (Non-RTO West), , , ,9,Estimated,https://xcelenergytransmission.com/projects/northerncoloradoareaplan/, 
R-0353,P-0302,Northern Colorado Area Plan - Ault to Cloverly Transmission Project,Collins St - Cloverly,Xcel Energy,Complete,2024/11/27,"New circuit, greenfield",Aboveground,115,230, ,0,2024, , , , , , ,Collins St,Cloverly,"Collins St, Cloverly",Colorado,CO,None (Non-RTO West), , , ,8,Estimated,https://xcelenergytransmission.com/projects/northerncoloradoareaplan/, 
R-0354,P-0303,Northern Missouri Grid Transformation Program,Fairport-Denny-Iowa/Missouri Border Project,Ameren Illinois,Permitting,2024/12/5,"New circuit, greenfield",Aboveground,345,345, ,0,2028,Permitting Underway,"CPCN, siting and permitting final decision",2026/3/17,Permitting Underway,Permitting Complete,LRTP 09: Orient - Denny - Fairport,Fairport,NA - IA/MO State Border (connection location),"Fairport, Denny",Missouri,MO,"MISO, SPP",MISO,MTEP21,LRTP Tranche 1,42,Estimated,https://www.ameren.com/company/ameren-transmission/northern-missouri-grid,https://efis.psc.mo.gov/Document/Display/791064
R-0355,P-0303,Northern Missouri Grid Transformation Program,Maywood-Mississippi River Crossing Project,Ameren,Permitting,2024/12/5,"New circuit, greenfield",Aboveground,345,345, ,0,2028,Permitting Underway,"CPCN, siting and permitting underway, completed in two states",2025/12/8,Permitting Underway,Partially Complete,LRTP 11: Maywood - Meredosia,Maywood,Meredosia,"Maywood, Palmyra, Meredosia","Illinois, Missouri","IL, MO",None,MISO,MTEP21,LRTP Tranche 1,8,Estimated,https://www.ameren.com/company/ameren-transmission/northern-missouri-grid,https://efis.psc.mo.gov/Document/Display/791064
R-0356,P-0303,Northern Missouri Grid Transformation Program,Denny-Zachary-Thomas Hill-Maywood Project,Ameren,Permitting,2024/12/5,"New circuit, greenfield",Aboveground,345,345, ,0,2029,Permitting Underway,"CPCN, siting and permitting underway, completed in two states",2025/12/8,Permitting Underway,Partially Complete,LRTP 10: Denny - Zachary - Thomas Hill - Maywood,Denny,Maywood,"Denny, Zachary, Thomas Hill, Maywood",Missouri,MO,"MISO, SPP",MISO,MTEP21,LRTP Tranche 1,202,Estimated,https://www.ameren.com/company/ameren-transmission/northern-missouri-grid,https://efis.psc.mo.gov/Document/Display/791064
R-0357,P-0304,Northern San Joaquin 230 kV Transmission Project, ,Pacific Gas and Electric Company (PG&E),Permitting,2025/3/11,"New circuit, greenfield", ,230,230, ,0,2029, , , , , , ,Thurman,NA- line interconnection,"Thurman, Lockeford",California,CA,CAISO,CAISO, , ,11,Estimated,https://www.pge.com/en/about/pge-systems/electric-systems/northern-san-joaquin.html,https://www.caiso.com/documents/iso-board-approved-2023-2024-transmission-plan.pdf
R-0358,P-0305,Northland Reliability Project,Segment 2b: Replace existing lines,"Great River Energy, Minnesota Power",Permitting,2024/12/5,Upgrade,Aboveground,345,345, ,0,2030,Permitting Underway,"CPCN, siting and permitting final decision",2026/3/17,Permitting Underway,Permitting Complete,LRTP 03: Iron Range - Benton County - Big Oaks (Cassie’s Crossing),Benton,Sherco,"Benton, Sherco",Minnesota,MN,MISO,MISO,MTEP21,LRTP Tranche 1,21,Estimated,https://northlandreliabilityproject.com/,https://eera.web.commerce.state.mn.us/web/project/15114
R-0359,P-0305,Northland Reliability Project,Segment 2a: Replace existing lines,"Great River Energy, Minnesota Power",Permitting,2024/12/5,Upgrade,Aboveground,345,345, ,0,2030,Permitting Underway,"CPCN, siting and permitting final decision",2025/12/8,Permitting Underway,Permitting Complete,LRTP 03: Iron Range - Benton County - Big Oaks (Cassie’s Crossing),Benton,Big Oaks,"Benton, Big Oaks",Minnesota,MN,MISO,MISO,MTEP21,LRTP Tranche 1,21,Estimated,https://northlandreliabilityproject.com/,https://eera.web.commerce.state.mn.us/web/project/15114
R-0360,P-0305,Northland Reliability Project,Segment 1: New double circuit 345 kV line,"Great River Energy, Minnesota Power",Permitting,2024/12/5,"New circuit, greenfield",Aboveground,345,345, ,0,2030,Permitting Underway,"CPCN, siting and permitting final decision",2025/12/8,Permitting Underway,Permitting Complete,LRTP 03: Iron Range - Benton County - Big Oaks (Cassie’s Crossing),Iron Range,Benton,"Iron Range, Cuyana Compensation Station, Benton",Minnesota,MN,MISO,MISO,MTEP21,LRTP Tranche 1,132,Estimated,https://northlandreliabilityproject.com/,https://eera.web.commerce.state.mn.us/web/project/15114
R-0361,P-0306,Ocean Wind BL England to Oyster Creek, ,"Orsted Wind Power North America, Public Service Enterprise Group Renewable Generation LLC",Construction,2025/2/12,"New circuit, greenfield", ,275,275, ,0,2025,Permitting Underway,"CPCN, siting and permitting final decision",2026/3/17,Permitting Underway,Permitting Complete, ,BL England,Oyster Creek,"BL England, Oyster Creek",New Jersey,NJ,PJM, , , ,102,Estimated,https://dep.nj.gov/wp-content/uploads/offshorewind/docs/ocean-wind-1/njdep-oceanwindone-20-w01-wfd-cafra-and-coastal-wetlands-application-narrative.pdf, 
R-0362,P-0307,Oceanview - Atlantic - Larrabee - Smithburg 230 kV Upgrade, ,Jersey Central Power & Light,"Engineering, design, and routing",2025/1/1,Upgrade, ,230,230, ,0,2030, , , , , , ,Oceanview,Smithburg,"Oceanview, Atlantic, Larrabee, Smithburg",New Jersey,NJ,PJM,PJM, , ,28,Estimated,https://www.pjm.com/planning/m/project-construction, 
R-0363,P-0308,Ogallala to Abernathy 345 kV Line, ,"Sharyland Utilities, Lubbock Power & Light", ,,"New circuit, greenfield", ,345,345, ,0, ,Permitting Underway,"CPCN, siting and permitting final decision",2026/3/17,Permitting Underway,Permitting Complete, ,Ogallala,Abernathy,"Ogallala, Abernathy",Texas,TX,"ERCOT, SPP", , , ,45,Estimated,http://www.sharyland.com/docs/2018/201804OgallalatoAbernathyFAQ-final.pdf, 
R-0364,P-0309,Okatie - Riverport 230 kV, ,Dominion Energy,"Engineering, design, and routing",2025/2/10,"New circuit, greenfield", ,230,230, ,0, , , , , , , ,Okatie,Riverport,"Okatie, Riverport",South Carolina,SC,None (Southeast), , , ,14,Estimated,https://www.dominionenergy.com/projects-and-facilities/electric-projects/power-line-projects/jasper-okatie-riverport, 
R-0365,P-0310,Oquirrh to Terminal Transmission Line Project, ,PacifiCorp,Complete,2025/9/24,"New circuit, greenfield",Aboveground,345,345, ,0,2024,Permitting Complete,"CPCN, siting and permitting final decision",2026/3/17,Complete,Permitting Complete, ,Oquirrh,Terminal,"Oquirrh, Terminal",Utah,UT,None (Non-RTO West), , , ,15,Estimated,https://www.pacificorp.com/transmission/transmission-projects/oquirrh-to-terminal.html, 
R-0366,P-0311,Orient to IA/MO State Border, ,MidAmerican Energy Company,Permitting,2025/12/2,"New circuit, greenfield",Aboveground,345,345, ,0, ,Not started,Not started,2026/3/17,Not started,Not started,LRTP 09: Orient - Denny - Fairport,Orient,IA/MO State Border (connection location),Orient,Iowa,IA,MISO,MISO,MTEP21,LRTP Tranche 1,43,Estimated,https://www.misoenergy.org/planning/transmission-planning/mtep/#t=10&p=0&s=&sd=, 
R-0367,P-0312,Orlando St. Cloud Resiliency Connection, ,Orlando Utilities Commission,Construction,2025/2/12,"New circuit, greenfield", ,230,230, ,0,2025, , , , , , ,Magnolia Ranch North,St. Cloud East,"Magnolia Ranch North, St. Cloud East",Florida,FL,None (Southeast), , , ,21,Estimated,https://www.ouc.com/resiliencyconnection#resources, 
R-0368,P-0313,Osprey to Haines City 230 kV Line, ,Duke Energy,Construction,2025/2/10,"New circuit, greenfield", ,230,230, ,0,2023, , , , , , ,Osprey,Haines City East,"Osprey, Haines City East",Florida,FL,None (Southeast), , , ,21,Estimated,https://www.duke-energy.com/our-company/about-us/electric-transmission-projects/polk-county/osprey-to-haines-city, 
R-0369,P-0314,Osprey to Kathleen 230 kV Line, ,Duke Energy,Construction,2025/2/10,"New circuit, greenfield", ,230,230, ,0,2025, , , , , , ,Osprey,Kathleen,"Osprey, Kathleen",Florida,FL,None (Southeast), , , ,26,Estimated,https://www.duke-energy.com/our-company/about-us/electric-transmission-projects/polk-county/osprey-to-kathleen, 
R-0370,P-0315,Ostrander - Pearl #1 Upgrade, ,Bonneville Power Administration, ,,Upgrade, ,500,500, ,0, ,Not started,Not started,2026/3/17,Not started,Not started, ,Ostrander,Pearl,"Ostrander, Pearl",Oregon,OR,None (Non-RTO West),Bonneville Power Administration, ,Evolving Grid Projects (EGP) 2.0,20,Estimated,https://www.bpa.gov/-/media/Aep/transmission/evolving-grid/EGP-20-Public-Workshop-17-Oct-2024.pdf, 
R-0371,P-0316,Ottumwa - Skunk River, ,Ameren Illinois,Permitting,2024/12/5,Upgrade,Aboveground,161,345, ,0,2027,Not started,Not started,2026/3/17,Not started,Not started,LRTP 12: Madison - Ottumwa - Coddington,Ottumwa Generating Station,Skunk River,"Ottumwa Generating Station, Skunk River",Iowa,IA,MISO,MISO,MTEP21,LRTP Tranche 1,53,Estimated,https://www.ottumwa-skunkriver.com/,https://www.misoenergy.org/planning/transmission-planning/mtep/#t=10&p=0&s=&sd=
R-0372,P-0317,Overland Trail - Pony Creek, ,MidAmerican Energy Company, ,,"New circuit, greenfield", ,345,345, ,0,2026,Not started,Not started,2026/3/17,Not started,Not started, ,Overland Trail,Pony Creek,"Overland Trail, Pony Creek",Iowa,IA,"MISO, SPP",MISO,MTEP23, ,1.4,Estimated,https://www.misoenergy.org/planning/transmission-planning/mtep/#t=10&p=0&s=&sd=, 
R-0373,P-0318,Palo Verde to Pinal West 500 kV transmission project,Palo Verde to Pinal West 500 kV #2,Salt River Project (SRP),Permitting,2025/9/24,"New circuit, greenfield",Aboveground,500,500, ,0,2034,Permitting Complete,"CPCN, siting and permitting final decision",2026/3/17,Complete,Permitting Complete, ,Hassayampa,Pinal West,"Hassayampa, Jojoba, Pinal West",Arizona,AZ,None (Non-RTO West), , , ,52,Estimated,https://www.srpnet.com/grid-water-management/grid-management/improvement-projects/palo-verde-pinal-west, 
R-0374,P-0319,Pardee - Sylmar 230 kV Line Rating Increase, ,Southern California Edison,Planning,2024/5/23,Upgrade, ,230,230, ,0,2027, , , , , , ,Pardee,Sylmar West,"Pardee, Sylmar West",California,CA,CAISO,CAISO, , ,12,Estimated,https://www.caiso.com/documents/iso-board-approved-2023-2024-transmission-plan.pdf, 
R-0375,P-0320,Piedmont - Wekiva Transmission Reliability Enhancement Project, ,Duke Energy, ,,Rebuild, ,230,230, ,0,2026, , , , , , ,Piedmont,Wekiva,"Piedmont, Wekiva",Florida,FL,None (Southeast), , , ,3.1,Reported,https://geovoice.powereng.com/beta/duke-energy/wekiva-Piedmont/#close, 
R-0376,P-0321,Pinnacle Peak - Rogers 230kV Restoration Project, ,Western Area Power Administration,Complete,2025/9/24,Rebuild, ,230,230, ,0,2024, , , , , , ,Pinnacle Peak SRP,Rogers,"Pinnacle Peak SRP, Rogers",Arizona,AZ,None (Non-RTO West), , , ,22,Estimated,https://www.wapa.gov/wp-content/uploads/2023/04/DSW-PPK-RGS-Presentation-10-13-22.pdf, 
R-0377,P-0322,Power from the Prairie, ,Power from the Prairie LLC,Planning,2025/1/28,"New circuit, greenfield",Aboveground,500,500,DC,4000, ,Not started,Not started,2026/3/17,Not started,Not started, ,Not yet determined,Not yet determined, ,"Iowa, Nebraska, South Dakota, Wyoming","IA, NE, SD, WY","SPP, MISO",Merchant, , ,536,Estimated,https://www.powerfromtheprairie.com/, 
R-0378,P-0323,Power Santa Clara Valley,320 kV Segment,LS Power Grid California,Permitting,2025/3/11,"New circuit, greenfield",Underground,320,320,DC,0,2028,Permitting Underway,"CPCN, siting and permitting underway",2026/3/17,Permitting Underway,Permitting Underway, ,Grove,Skyline,"Grove, Skyline",California,CA,CAISO,CAISO, , ,13,Estimated,https://powerthebay.com/en/about-the-projects/#projects,https://ia.cpuc.ca.gov/environment/info/esa/pscv/index.html
R-0379,P-0323,Power Santa Clara Valley,500 kV Segment,LS Power Grid California,Permitting,2025/3/11,"New circuit, greenfield", ,500,500,AC,0,2028,Not started,"CPCN, siting and permitting underway",2025/12/8,Not started,Permitting Underway, ,Metcalf,Grove,"Metcalf, Grove",California,CA,CAISO,CAISO, , ,1.3,Estimated,https://powerthebay.com/en/about-the-projects/#projects,https://ia.cpuc.ca.gov/environment/info/esa/pscv/index.html
R-0380,P-0324,Power the South Bay, ,LS Power Grid California,Permitting,2025/3/11,"New circuit, greenfield",Mixed,230,320,Mixed,0,2028, , , , , , ,Albrae,North Receiving Station,"Albrae, Newark, Baylands, North Receiving Station",California,CA,CAISO,CAISO, , ,12,Estimated,https://www.lspgridcalifornia.com/newark/,https://www.caiso.com/documents/iso-board-approved-2023-2024-transmission-plan.pdf
R-0381,P-0325,Prong Moss - Rockhound 345 kV Line Rebuild, ,Oncor,Planning,2024/12/18,"Rebuild; New circuit, existing ROW", ,345,345, ,0,2027,Not started,Not started,2026/3/17,Not started,Not started, ,Prong Moss,Rockhound,"Prong Moss, Rockhound",Texas,TX,ERCOT,ERCOT,23RPG029, ,35,Estimated,https://www.ercot.com/gridinfo/planning, 
R-0382,P-0326,Propel NY Energy,138kV,"The New York Power Authority (NYPA), New York Transco (NY Transco)", ,,"New circuit, greenfield",Underground,138,138, ,0,2030,Permitting Underway,"CPCN, siting and permitting underway",2026/3/17,Permitting Underway,Permitting Underway, ,Shore Road,Syosset,"Shore Road, Syosset",New York,NY,NYISO,NYISO, , ,10,Estimated,https://www.propelnyenergy.com/, 
R-0383,P-0326,Propel NY Energy,345kV,"The New York Power Authority (NYPA), New York Transco (NY Transco)",Planning,2025/10/14,"New circuit, greenfield",Underground,345,345, ,0,2030,Permitting Underway,"CPCN, siting and permitting underway",2025/12/8,Permitting Underway,Permitting Underway, ,Sprain Brook,E F Barrett,"Sprain Brook, Shore Road, Ruland Road, East Garden City, E F Barrett, Tremont, New Rochelle",New York,NY,NYISO,NYISO, , ,73,Estimated,https://www.propelnyenergy.com/, 
R-0384,P-0328,Ranger Camp - Cattleman 345 kV Double - Circuit Line, ,Oncor,Planning,2024/12/18,"New circuit, greenfield", ,345,345, ,0,2025,Permitting Underway,"CPCN, siting and permitting final decision",2026/3/17,Permitting Underway,Permitting Complete, ,Ranger Camp,Cattleman,"Ranger Camp, Cattleman",Texas,TX,ERCOT,ERCOT,23RPG029, ,1,Estimated,https://www.ercot.com/gridinfo/planning, 
R-0385,P-0329,Ranger Camp - Prong Moss 345 kV Line Rebuild, ,Oncor,Planning,2024/12/18,"Rebuild; New circuit, existing ROW", ,345,345, ,0,2026,Not started,Not started,2026/3/17,Not started,Not started, ,Ranger Camp,Prong Moss,"Ranger Camp, Prong Moss",Texas,TX,ERCOT,ERCOT,23RPG029, ,31,Estimated,https://www.ercot.com/gridinfo/planning, 
R-0386,P-0330,Raun - Remsen, ,MidAmerican Energy Company, ,,Upgrade, ,345,345, ,0,2025, , , , , , ,Raun,Remsen,"Raun, Remsen",Iowa,IA,"MISO, SPP",MISO,MTEP23, ,39,Estimated,https://www.misoenergy.org/planning/transmission-planning/mtep/#t=10&p=0&s=&sd=, 
R-0387,P-0331,Raun - S3452,345 kV (JTIQ),Omaha Public Power District,"Engineering, design, and routing",2026/6/24,"New circuit, greenfield", ,345,345, ,0,2032,Not started,Not started,2026/3/17,Not started,Not started, ,Raun,S3452,"Raun, S3452","Iowa, Nebraska","IA, NE","MISO, SPP","MISO, SPP", ,Joint Targeted Interconnection Queue (JTIQ) Update,88.2,Reported,https://www.spp.org/documents/71208/jtiq%20revision%20request%20kickoff%20022624%20final.pdf, 
R-0388,P-0332,Ready Wyoming, ,Black Hills Energy,Construction,2025/1/28,"New circuit, greenfield",Aboveground,115,230, ,0,2025, , , , , , ,Windstar,Stegall (Scotts Bluff County),"Windstar, Stegall (Scotts Bluff County)","Nebraska, Wyoming","NE, WY",SPP, , , ,260,Reported,https://www.blackhillsenergy.com/ready-wyoming, 
R-0389,P-0333,Rebuild Allen - R.P. Mone 345 kV Line, ,AEP,"Engineering, design, and routing",2025/1/1,Rebuild, ,345,345, ,0,2027, , , , , , ,Allen,R.P. Mone,"Allen, R.P. Mone","Indiana, Ohio","IN, OH",PJM,PJM, , ,18.6,Reported,https://www.pjm.com/planning/m/project-construction, 
R-0390,P-0334,Rebuild and reconductor Armstrong - Homer City 345 kV Line, ,Penelec,"Engineering, design, and routing",2025/1/1,Rebuild; Reconductor, ,345,345, ,0,2029, , , , , , ,FirstEnergy Armstrong Power Station,Homer City,"FirstEnergy Armstrong Power Station, Homer City",Pennsylvania,PA,PJM,PJM, , ,34,Estimated,https://www.pjm.com/planning/m/project-construction, 
R-0391,P-0335,Rebuild and Reconductor ComEd Portion of Crete - St. John 345 kV, ,Commonwealth Edison,"Engineering, design, and routing",2025/1/1,Rebuild; Reconductor, ,345,345, ,0,2026, , , , , , ,Crete Energy Venture,None,Crete Energy Venture,"Illinois, Indiana","IL, IN",PJM,PJM, , ,4.9,Estimated,https://www.pjm.com/planning/m/project-construction, 
R-0392,P-0336,Rebuild Bristers - Morrisville 500 kV Line, ,Dominion Energy,"Engineering, design, and routing",2026/6/24,Rebuild, ,500,500, ,0,2028, , , , , , ,Bristers,Morrisville (VA),"Bristers, Morrisville",Virginia,VA,PJM,PJM, , ,8,Estimated,https://www.pjm.com/planning/m/project-construction, 
R-0393,P-0337,Rebuild Brunner Island - South Manheim 230 kV Line, ,PPL Electric Utilities,"Engineering, design, and routing",2025/1/1,Rebuild, ,230,230, ,0,2033, , , , , , ,Brunner Island,South Manheim,"Brunner Island, South Manheim",Pennsylvania,PA,PJM,PJM, , ,17.8,Reported,https://www.pjm.com/planning/m/project-construction, 
R-0394,P-0338,Rebuild Cardiff - New Freedom 230 kV, ,AEC,"Engineering, design, and routing",2026/6/24,Rebuild, ,230,230, ,0,2029, , , , , , ,Cardiff,New Freedom,"Cardiff, New Freedom",New Jersey,NJ,PJM,PJM, , ,33,Estimated,https://www.pjm.com/planning/m/project-construction, 
R-0395,P-0339,Rebuild Cartanza - Milford 230 kV Line, ,Delmarva Power & Light Company,Planning,2025/1/1,Rebuild, ,230,230, ,0, , , , , , , ,Catanza,Milford,"Catanza, Milford",Delaware,DE,PJM,PJM, , ,27,Estimated,https://www.pjm.com/planning/m/project-construction, 
R-0396,P-0340,Rebuild Cash's Corner - Gordonsville 230 kV Line, ,Dominion Energy,"Engineering, design, and routing",2025/1/1,Rebuild, ,230,230, ,0,2028, , , , , , ,Cash's Corner,Gordonsville,"Cash's Corner, Gordonsville",Virginia,VA,PJM,PJM, , ,2.8,Estimated,https://www.pjm.com/planning/m/project-construction, 
R-0397,P-0341,Rebuild Cedar - Oyster Creek 230 kV, ,Jersey Central Power & Light,Planning,2025/1/1,Rebuild, ,230,230, ,0, , , , , , , ,Cedar Station,Oyster Creek,"Cedar Station, Oyster Creek",New Jersey,NJ,PJM,PJM, , ,14,Estimated,https://www.pjm.com/planning/m/project-construction, 
R-0398,P-0342,Rebuild Charlottesville - Hydraulic Rd - Barracks Road - Crozet - Dooms 230 kV Line, ,Dominion Energy,"Engineering, design, and routing",2026/6/24,Rebuild, ,230,230, ,0,2029, , , , , , ,Charlottesville,Dooms,"Charlottesville, Hydraulic Road, Barracks Road, Crozet, Dooms",Virginia,VA,PJM,PJM, , ,22,Estimated,https://www.pjm.com/planning/m/project-construction, 
R-0399,P-0343,Rebuild Charlottesville - Proffit 230 kV Line, ,Dominion Energy,"Engineering, design, and routing",2026/6/24,Rebuild, ,230,230, ,0,2028, , , , , , ,Charlottesville,Proffit,"Charlottesville, Proffit",Virginia,VA,PJM,PJM, , ,16,Estimated,https://www.pjm.com/planning/m/project-construction, 
R-0400,P-0344,Rebuild Clifton - Ox 230 kV Line, ,Dominion Energy,Construction,2026/6/24,Rebuild, ,230,230, ,0,2025, , , , , , ,Clifton,Ox,"Clifton, Ox",Virginia,VA,PJM,PJM, , ,7,Estimated,https://www.pjm.com/planning/m/project-construction, 
R-0401,P-0345,Rebuild Conesville - Bixby 345 kV, ,AEP,"Engineering, design, and routing",2025/1/1,Rebuild, ,345,345, ,0,2032, , , , , , ,Conesville Station,Bixby,"Conesville Station, Ohio Central, Bixby",Ohio,OH,PJM,PJM, , ,70,Estimated,https://www.pjm.com/planning/m/project-construction, 
R-0402,P-0346,Rebuild Cranes Corner - Stafford 230 kV Line, ,Dominion Energy,Construction,2026/6/24,Rebuild, ,230,230, ,0,2028, , , , , , ,Cranes Corner,Stafford,"Cranes Corner, Stafford",Virginia,VA,PJM,PJM, , ,8,Estimated,https://www.pjm.com/planning/m/project-construction, 
R-0403,P-0347,Rebuild Doubs - Goose Creek 500 kV Line, ,APS,"Engineering, design, and routing",2025/1/1,Rebuild, ,500,500, ,0,2030, , , , , , ,Doubs,Goose Creek (VA),"Doubs, Goose Creek","Maryland, Virginia","MD, VA",PJM,PJM, , ,18,Estimated,https://www.pjm.com/planning/m/project-construction, 
R-0404,P-0348,Rebuild Earleys - Suffolk 230 kV Line, ,Dominion Energy,"Engineering, design, and routing",2025/1/1,Rebuild, ,230,230, ,0,2028, , , , , , ,Earleys,Suffolk,"Earleys, Suffolk","North Carolina, Virginia","NC, VA",PJM,PJM, , ,44.3,Reported,https://www.pjm.com/planning/m/project-construction,https://www.dominionenergy.com/projects-and-facilities/electric-projects/power-line-projects/earleys-tunis-suffolk
R-0405,P-0349,Rebuild Edge Moor - Linwood 230 kV, ,Delmarva Power & Light Company,Planning,2025/1/1,Rebuild, ,230,230, ,0, , , , , , , ,Edge Moor,Linwood,"Edge Moor, Linwood","Delaware, Pennsylvania","DE, PA",PJM,PJM, , ,9,Estimated,https://www.pjm.com/planning/m/project-construction, 
R-0406,P-0350,Rebuild Eldred - Frackville 230 kV Line, ,PPL Electric Utilities,Planning,2025/1/1,Rebuild, ,230,230, ,0, , , , , , , ,Eldred,Frackville,"Eldred, Frackville",Pennsylvania,PA,PJM,PJM, , ,12,Estimated,https://www.pjm.com/planning/m/project-construction, 
R-0407,P-0351,Rebuild Elmont to Chickahominy 500 kV Line, ,Dominion Energy,"Engineering, design, and routing",2026/6/23,Rebuild, ,500,500, ,0,2029, , , , , , ,Elmont,Chickahominy,"Elmont, Chickahominy",Virginia,VA,PJM,PJM, , ,27.7,Reported,https://www.pjm.com/planning/m/project-construction, 
R-0408,P-0352,Rebuild Gore - Stonewall 138 kV with 500 kV Overbuild, ,APS,"Engineering, design, and routing",2025/1/1,Rebuild, ,500,500, ,0,2028, , , , , , ,Gore,Stonewall,"Gore, Stonewall",Virginia,VA,PJM,PJM, , ,15,Estimated,https://www.pjm.com/planning/m/project-construction, 
R-0409,P-0353,Rebuild Hollymeade - Cash's Corner 230 kV Line, ,Dominion Energy,"Engineering, design, and routing",2025/1/1,Rebuild, ,230,230, ,0,2028, , , , , , ,Hollymeade,Cash's Corner,"Hollymeade, Cash's Corner",Virginia,VA,PJM,PJM, , ,13,Estimated,https://www.pjm.com/planning/m/project-construction, 
R-0410,P-0354,Rebuild Hornertown - Hathaway 230 kV, ,Dominion Energy,Construction,2026/6/23,Rebuild, ,230,230, ,0,2026, , , , , , ,Hornertown,Hathaway,"Hornertown, Hathaway",North Carolina,NC,PJM,PJM, , ,28.9,Reported,https://www.dominionenergy.com/projects-and-facilities/electric-projects/power-line-projects/hornertown---hathaway,https://www.pjm.com/planning/m/project-construction
R-0411,P-0355,Rebuild Hunterstown - Carroll to 230 kV, ,APS,Construction,2026/6/23,Upgrade, ,230,230, ,0,2028, , , , , , ,Hunterstown,Carroll,"Hunterstown, Carroll","Maryland, Pennsylvania","MD, PA",PJM,PJM, , ,24,Estimated,https://solutions.aecomonline.net/Carroll-Hunterstown/?page=Page,https://www.pjm.com/planning/m/project-construction
R-0412,P-0356,Rebuild Kincaid - Pana 345 kV, ,Commonwealth Edison,"Engineering, design, and routing",2025/1/1,Rebuild, ,345,345, ,0,2026, , , , , , ,Kincaid Station,Pana,"Kincaid Station, Pana",Illinois,IL,MISO,PJM, , ,26.4,Reported,https://www.pjm.com/planning/m/project-construction, 
R-0413,P-0357,Rebuild Kramer - Victor to 230 kV, ,Southern California Edison,Planning,2024/5/23,Upgrade, ,230,230, ,0,2033, , , , , , ,Kramer,Victor,"Kramer, Roadway, Victor",California,CA,CAISO,CAISO, , ,41,Estimated,https://www.caiso.com/documents/iso-board-approved-2023-2024-transmission-plan.pdf, 
R-0414,P-0358,Rebuild Ladysmith to Elmont 500 kV Line, ,Dominion Energy,Construction,2025/1/1,Rebuild, ,500,500, ,0,2026, , , , , , ,Ladysmith,Elmont,"Ladysmith, Elmont",Virginia,VA,PJM,PJM, , ,26.2,Reported,https://www.pjm.com/planning/m/project-construction, 
R-0415,P-0359,Rebuild Lanexa - Northern Neck 230 kV Line, ,Dominion Energy,Complete,2025/8/25,Rebuild, ,230,230, ,0,2024, , , , , , ,L:anexa,Northern Neck,"L:anexa, Northern Neck",Virginia,VA,PJM,PJM, , ,41,Estimated,https://www.dominionenergy.com/projects-and-facilities/electric-projects/power-line-projects/line-224,https://www.pjm.com/planning/m/project-construction
R-0416,P-0360,Rebuild Larrabee - Smithburg 230 kV, ,Jersey Central Power & Light,"Engineering, design, and routing",2025/1/1,Rebuild, ,230,230, ,0,2027, , , , , , ,Larrabee,Smithburg,"Larrabee, Smithburg",New Jersey,NJ,PJM,PJM, , ,12,Estimated,https://www.pjm.com/planning/m/project-construction, 
R-0417,P-0361,Rebuild Loudon - Morrisville 500 kV Line, ,Dominion Energy,"Engineering, design, and routing",2025/1/1,Rebuild, ,500,500, ,0,2030, , , , , , ,Loudon,Morrisville (VA),"Loudon, Morrisville",Virginia,VA,PJM,PJM, , ,32,Estimated,https://www.pjm.com/planning/m/project-construction, 
R-0418,P-0362,Rebuild Midlothian - North Anna 500 kV Line, ,Dominion Energy,"Engineering, design, and routing",2026/6/23,Rebuild, ,500,500, ,0,2032, , , , , , ,Midlothian,North Anna,"Midlothian, North Anna",Virginia,VA,PJM,PJM, , ,41.13,Reported,https://www.pjm.com/planning/m/project-construction, 
R-0419,P-0363,Rebuild Milford to Steele 230 kV, ,Delmarva Power & Light Company,Planning,2025/1/1,Rebuild, ,230,230, ,0, , , , , , , ,Milford,Steele,"Milford, Steele","Delaware, Maryland","DE, MD",PJM,PJM, , ,23,Estimated,https://www.pjm.com/planning/m/project-construction, 
R-0420,P-0364,Rebuild Millville - Doubs 138 kV with 500kV Overbuild, ,APS,"Engineering, design, and routing",2025/1/1,Rebuild, ,500,500, ,0,2028, , , , , , ,Millville,Doubs,"Millville, Doubs","Maryland, Virginia, West Virginia","MD, VA, WV",PJM,PJM, , ,16,Reported,https://www.pjm.com/planning/m/project-construction, 
R-0421,P-0365,Rebuild Occoquan - Ox 230 kV Line, ,Dominion Energy,"Engineering, design, and routing",2026/6/23,Reconductor, ,230,230, ,0,2030, , , , , , ,Occoquan,Ox,"Occoquan, Ox",Virginia,VA,PJM,PJM, , ,1.5,Estimated,https://www.pjm.com/planning/m/project-construction, 
R-0422,P-0366,Rebuild Pawnee to Tango into a double circuit, ,CPS Energy,Planning,2024/12/18,Rebuild, ,345,345, ,0,2029, , , , , , ,Pawnee,Tango,"Pawnee, Tango",Texas,TX,ERCOT,ERCOT, , ,6,Estimated,https://www.ercot.com/gridinfo/planning, 
R-0423,P-0367,Rebuild Peach Bottom - Conastone 500 kV, ,"Portland General Electric, PECO",Construction,2025/1/1,Rebuild, ,500,500, ,0,2030, , , , , , ,Peach Bottom,Conastone,"Peach Bottom, North Delta (Bramah), Graceton, Conastone","Maryland, Pennsylvania","MD, PA",PJM,PJM, , ,17,Estimated,https://www.pjm.com/planning/m/project-construction, 
R-0424,P-0368,Rebuild Septa - Yadkin 500 kV, ,Virginia Electric & Power Company,"Engineering, design, and routing",2026/6/23,Rebuild, ,500,500, ,0,2028, , , , , , ,Septa,Yadkin,"Septa, Yadkin",Virginia,VA,PJM,PJM, , ,33.09,Reported,https://www.pjm.com/planning/m/project-construction,https://www.dominionenergy.com/projects-and-facilities/electric-projects/power-line-projects/septa-yadkin
R-0425,P-0369,Rebuild Shawboro - Elizabeth City 230 kV Line, ,Dominion Energy,Planning,2025/1/1,Rebuild, ,230,230, ,0,2025, , , , , , ,Shawboro,Elizabeth City,"Shawboro, Elizabeth City",North Carolina,NC,PJM,PJM, , ,10.3,Reported,https://www.dominionenergy.com/projects-and-facilities/electric-projects/power-line-projects/shawboro-elizabeth-city,https://www.pjm.com/planning/m/project-construction
R-0426,P-0370,Rebuild Skiffes Creek - King's Mill 230 kV Line, ,Dominion Energy,Planning,2025/1/1,Rebuild, ,230,230, ,0, , , , , , , ,Skiffes Creek Switching Station,King's Mill,"Skiffes Creek Switching Station, King's Mill",Virginia,VA,PJM,PJM, , ,2,Estimated,https://www.pjm.com/planning/m/project-construction, 
R-0427,P-0371,Rebuild Sorenson - Desoto 345 kV Line, ,AEP,"Engineering, design, and routing",2026/6/23,Rebuild, ,345,345, ,0,2028, , , , , , ,Sorenson,Desoto,"Sorenson, Desoto",Indiana,IN,PJM,PJM, , ,51.5,Reported,https://www.pjm.com/planning/m/project-construction, 
R-0428,P-0372,Rebuild Spruce to Eastside Double Circuit, ,CPS Energy,Planning,2024/12/18,Rebuild, ,345,345, ,0,2029, , , , , , ,Calaveras 345 Switchyard (Spruce),Eastside,"Calaveras 345 Switchyard (Spruce), Eastside",Texas,TX,ERCOT,ERCOT, , ,8,Estimated,https://www.ercot.com/gridinfo/planning, 
R-0429,P-0373,Rebuild Spruce to Pawnee into a double circuit, ,CPS Energy,Planning,2026/6/23,Upgrade, ,345,345, ,0,2027, , , , , , ,Calaveras 345 Switchyard (Spruce),Pawnee,"Calaveras 345 Switchyard (Spruce), Pawnee",Texas,TX,ERCOT,ERCOT, , ,46,Estimated,https://www.ercot.com/gridinfo/planning, 
R-0430,P-0374,Rebuild Stonewall - Millville 138 kV with 500 kV Overbuild, ,APS,"Engineering, design, and routing",2025/1/1,Rebuild, ,500,500, ,0,2030, , , , , , ,Stonewall,Millville,"Stonewall, Millville","Virginia, West Virginia","VA, WV",PJM,PJM, , ,15,Reported,https://www.pjm.com/planning/m/project-construction, 
R-0431,P-0375,Rebuild Thelma - Lakeview 230 kV Line, ,Dominion Energy,"Engineering, design, and routing",2025/8/14,Rebuild, ,230,230, ,0,2029, , , , , , ,Thelma,Lakeview,"Thelma, Lakeview",North Carolina,NC,PJM,PJM, , ,9,Estimated,https://www.pjm.com/planning/m/project-construction, 
R-0432,P-0376,Rebuild Whitpain - Buxmont 230 kV Line, ,PPL Electric Utilities,"Engineering, design, and routing",2025/1/1,Rebuild, ,230,230, ,0,2027, , , , , , ,Whitpain,Buxmont,"Whitpain, Buxmont",Pennsylvania,PA,PJM,PJM, , ,17,Estimated,https://www.pjm.com/planning/m/project-construction, 
R-0433,P-0377,Rebuild/Reconductor Olive - University Park 345 kV, ,Commonwealth Edison,Planning,2025/1/1,Rebuild; Reconductor, ,345,345, ,0, , , , , , , ,Olive,University Park North,"Olive, University Park North","Illinois, Indiana","IL, IN","PJM, MISO",PJM, , ,73,Estimated,https://www.pjm.com/planning/m/project-construction, 
R-0434,P-0378,Reconductor Batavia - Riverside 230 kV Line, ,Baltimore Gas and Electric Company (BGE),"Engineering, design, and routing",2025/1/1,Reconductor, ,230,230, ,0,2027, , , , , , ,Batavia,Riverside,"Batavia, Riverside",Maryland,MD,PJM,PJM, , ,6,Estimated,https://www.pjm.com/planning/m/project-construction, 
R-0435,P-0379,Reconductor Brambleton - Evergreen Mills 230 kV Line #2172, ,Dominion Energy,Construction,2025/8/14,Reconductor, ,230,230, ,0,2026, , , , , , ,Brambleton,Evergreen Mills,"Brambleton, Evergreen Mills",Virginia,VA,PJM,PJM, , ,2.3,Estimated,https://www.pjm.com/planning/m/project-construction, 
R-0436,P-0380,Reconductor Brambleton - Evergreen Mills 230 kV Line #2210, ,Dominion Energy,Construction,2025/8/14,Reconductor, ,230,230, ,0,2027, , , , , , ,Brambleton,Evergreen Mills,"Brambleton, Evergreen Mills",Virginia,VA,PJM,PJM, , ,2.3,Estimated,https://www.pjm.com/planning/m/project-construction, 
R-0437,P-0381,Reconductor Cabin Run to Yardley Ridge 230 kV Line, ,Dominion Energy,Construction,2025/8/14,Reconductor, ,230,230, ,0,2026, , , , , , ,Cabin Run,Yardley Ridge,"Cabin Run, Yardley Ridge",Virginia,VA,PJM,PJM, , ,1.5,Estimated,https://www.pjm.com/planning/m/project-construction, 
R-0438,P-0382,Reconductor Carson - Poe 230 kV Line, ,Dominion Energy,"Engineering, design, and routing",2026/6/23,Reconductor, ,230,230, ,0,2030, , , , , , ,Carson,Poe,"Carson, Poe",Virginia,VA,PJM,PJM, , ,13,Estimated,https://www.pjm.com/planning/m/project-construction, 
R-0439,P-0383,Reconductor Cherry Valley - Garden Prairie 345 kV Line, ,"Commonwealth Edison, AEP",Planning,2025/1/1,Reconductor, ,345,345, ,0, , , , , , , ,Cherry Valley,Garden Prairie,"Cherry Valley, Garden Prairie",Illinois,IL,PJM,PJM, , ,17,Estimated,https://www.pjm.com/planning/m/project-construction, 
R-0440,P-0384,Reconductor Chesterfield - Tyler 230 kV Line, ,Dominion Energy,"Engineering, design, and routing",2026/6/23,Reconductor, ,230,230, ,0,2030, , , , , , ,Chesterfield,Tyler,"Chesterfield, Tyler",Virginia,VA,PJM,PJM, , ,2.5,Estimated,https://www.pjm.com/planning/m/project-construction,https://www.dominionenergy.com/projects-and-facilities/electric-projects/power-line-projects/chesterfield-tyler
R-0441,P-0385,Reconductor Conastone - Northwest 230 kV Lines, ,Baltimore Gas and Electric Company (BGE),Construction,2026/6/23,Reconductor, ,230,230, ,0,2027, , , , , , ,Conastone,Northwest (MD),"Conastone, Northwest",Maryland,MD,PJM,PJM, , ,49,Estimated,https://www.pjm.com/planning/m/project-construction, 
R-0442,P-0386,Reconductor Delevan - Cortina 230 kV Line, ,Pacific Gas and Electric Company (PG&E),Planning,2024/5/23,Reconductor, ,230,230, ,0,2028, , , , , , ,Delevan,Cortina,"Delevan, Cortina",California,CA,CAISO,CAISO, , ,18,Estimated,https://www.caiso.com/documents/iso-board-approved-2023-2024-transmission-plan.pdf, 
R-0443,P-0387,Reconductor East Frankfort - Crete 345 kV Line, ,Commonwealth Edison,Planning,2025/1/1,Reconductor, ,345,345, ,0, , , , , , , ,East Frankfort,Crete Energy Venture LLC,"East Frankfort, Crete Energy Venture LLC",Illinois,IL,PJM,PJM, , ,13,Estimated,https://www.pjm.com/planning/m/project-construction, 
R-0444,P-0388,Reconductor Elwood - Goodings Grove 345 kV Line, ,Commonwealth Edison,On hold,2025/1/1,Reconductor, ,345,345, ,0,2028, , , , , , ,Elwood,Goodings Grove,"Elwood, Goodings Grove",Illinois,IL,PJM,PJM, , ,19,Estimated,https://www.pjm.com/planning/m/project-construction, 
R-0445,P-0389,Reconductor Garden Prairie - Silver Lake 345 kV Line, ,"Commonwealth Edison, AEP",Planning,2025/1/1,Reconductor, ,345,345, ,0, , , , , , , ,Garden Prairie,Silver Lake,"Garden Prairie, Silver Lake",Illinois,IL,PJM,PJM, , ,26.7,Reported,https://www.pjm.com/planning/m/project-construction, 
R-0446,P-0390,Reconductor Keeney to Steele 230 kV, ,Delmarva Power & Light Company,Planning,2025/1/1,Reconductor, ,230,230, ,0, , , , , , , ,Keeney,Steele,"Keeney, Steele","Delaware, Maryland","DE, MD",PJM,PJM, , ,57,Estimated,https://www.pjm.com/planning/m/project-construction, 
R-0447,P-0391,Reconductor Kilmer - Lake Nelson 230 kV Line, ,Jersey Central Power & Light,"Engineering, design, and routing",2026/6/23,Reconductor, ,230,230, ,0,2029, , , , , , ,Kilner,Lake Nelson,"Kilner, Lake Nelson",New Jersey,NJ,PJM,PJM, , ,2,Estimated,https://www.pjm.com/planning/m/project-construction, 
R-0448,P-0392,Reconductor Lake Nelson - Middlesex 230 kV Line, ,Jersey Central Power & Light,"Engineering, design, and routing",2026/6/23,Reconductor, ,230,230, ,0,2029, , , , , , ,Lake Nelson,Middlesex,"Lake Nelson, Middlesex",New Jersey,NJ,PJM,PJM, , ,0.8,Estimated,https://www.pjm.com/planning/m/project-construction, 
R-0449,P-0393,Reconductor Lee County - Byron 345 kV Line, ,"Commonwealth Edison, AEP",Planning,2026/6/23,Reconductor, ,345,345, ,0, , , , , , , ,Easy Road/ Lee Energy Facility,Byron,"Easy Road/ Lee Energy Facility, Byron",Illinois,IL,PJM,PJM, , ,20,Estimated,https://www.pjm.com/planning/m/project-construction, 
R-0450,P-0394,Reconductor Liberty - Railroad DP 230 kV Line, ,Dominion Energy,"Engineering, design, and routing",2026/6/23,Reconductor, ,230,230, ,0,2026, , , , , , ,Liberty,Railroad DP,"Liberty, Railroad DP",Virginia,VA,PJM,PJM, , ,0.4,Estimated,https://www.pjm.com/planning/m/project-construction, 
R-0451,P-0395,Reconductor Lugo - Victor 230 kV, ,Southern California Edison,Planning,2024/5/23,Reconductor, ,230,230, ,0,2028, , , , , , ,Lugo,Victor,"Lugo, Victor",California,CA,CAISO,CAISO, , ,11,Estimated,https://www.caiso.com/documents/iso-board-approved-2023-2024-transmission-plan.pdf, 
R-0452,P-0396,Reconductor Metuchen - New Dover 230 kV, ,PSEG,Construction,2026/6/23,Reconductor, ,230,230, ,0,2027, , , , , , ,Metuchen,New Dover,"Metuchen, New Dover",New Jersey,NJ,PJM,PJM, , ,3.9,Estimated,https://www.pjm.com/planning/m/project-construction, 
R-0453,P-0397,Reconductor Nelson - Cordova 345 kV Line, ,Commonwealth Edison,Planning,2025/1/1,Reconductor, ,345,345, ,0, , , , , , , ,Nelson,Cordova Energy,"Nelson, Cordova Energy",Illinois,IL,PJM,PJM, , ,40,Reported,https://www.pjm.com/planning/m/project-construction, 
R-0454,P-0398,Reconductor Nelson - Lee County 345 kV Line, ,Commonwealth Edison,Planning,2025/1/1,Reconductor, ,345,345, ,0, , , , , , , ,Nelson,Easy Road/ Lee Energy Facility,"Nelson, Easy Road/ Lee Energy Facility",Illinois,IL,PJM,PJM, , ,13,Estimated,https://www.pjm.com/planning/m/project-construction, 
R-0455,P-0399,Reconductor or Rebuild Benton Harbor - Segreto 345 kV, ,AEP,Planning,2025/1/1,Rebuild; Reconductor, ,345,345, ,0, , , , , , , ,Benton Harbor,Segreto,"Benton Harbor, Segreto",Michigan,MI,PJM,PJM, , ,9,Estimated,https://www.pjm.com/planning/m/project-construction, 
R-0456,P-0400,Reconductor Paragon Park - BECO 230 kV Line, ,Dominion Energy,"Engineering, design, and routing",2025/1/1,Reconductor, ,230,230, ,0,2027, , , , , , ,Paragon Park,BECO,"Paragon Park, BECO",Virginia,VA,PJM,PJM, , ,1,Estimated,https://www.pjm.com/planning/m/project-construction, 
R-0457,P-0401,Reconductor Pioneer - Liberty 230 kV, ,Dominion Energy,Construction,2026/6/23,Reconductor, ,230,230, ,0,2026, , , , , , ,Pioneer,Liberty,"Pioneer, Liberty",Virginia,VA,PJM,PJM, , ,2.2,Estimated,https://www.pjm.com/planning/m/project-construction, 
R-0458,P-0402,Reconductor Poe - Prince George Line to 230 kV, ,Dominion Energy,"Engineering, design, and routing",2026/6/23,Upgrade, ,230,230, ,0,2030, , , , , , ,Poe,Prince George,"Poe, Prince George",Virginia,VA,PJM,PJM, , ,6,Estimated,https://www.pjm.com/planning/m/project-construction, 
R-0459,P-0403,Reconductor Railroad DP - Gainesville 230 kV Line, ,Dominion Energy,"Engineering, design, and routing",2026/6/23,Reconductor, ,230,230, ,0,2027, , , , , , ,Railroad DP,Gainesville,"Railroad DP, Gainesville",Virginia,VA,PJM,PJM, , ,2.2,Estimated,https://www.pjm.com/planning/m/project-construction, 
R-0460,P-0404,Reconductor Raritan River - Kilmer 230 kV Line, ,Jersey Central Power & Light,"Engineering, design, and routing",2025/1/1,Reconductor, ,230,230, ,0,2029, , , , , , ,Sayreville (Raritan River),Kilmer,"Sayreville (Raritan River), Kilmer",New Jersey,NJ,PJM,PJM, , ,6,Estimated,https://www.pjm.com/planning/m/project-construction, 
R-0461,P-0405,Reconductor Red Oak - Raritan River A and B 230 kV Lines, ,Jersey Central Power & Light,"Engineering, design, and routing",2025/1/1,Reconductor, ,230,230, ,0,2029, , , , , , ,Red Oak Station,Sayreville (Raritan River),"Red Oak Station, Sayreville (Raritan River)",New Jersey,NJ,PJM,PJM, , ,5,Estimated,https://www.pjm.com/planning/m/project-construction, 
R-0462,P-0406,Reconductor Remington CT - Elk Run - Gainesville 230 kV Line, ,Dominion Energy,Construction,2026/6/23,Reconductor, ,230,230, ,0,2026, , , , , , ,Remington CT,Gainesville,"Remington CT, Elk Run, Gainesville",Virginia,VA,PJM,PJM, , ,24.2,Reported,https://www.pjm.com/planning/m/project-construction,https://www.dominionenergy.com/about/delivering-energy/electric-projects/power-line-projects/remington-gainesville
R-0463,P-0407,Reconductor Stuart - Spurlock 345 kV Line, ,East Kentucky Power Cooperative,Planning,2025/1/1,Reconductor, ,345,345, ,0, , , , , , , ,Stuart,Spurlock,"Stuart, Spurlock","Kentucky, Ohio","KY, OH",PJM,PJM, , ,11,Estimated,https://www.pjm.com/planning/m/project-construction, 
R-0464,P-0408,Reconductor Tyler - Poe 230 kV Line, ,Dominion Energy,"Engineering, design, and routing",2026/6/23,Reconductor, ,230,230, ,0,2030, , , , , , ,Tyler,Poe,"Tyler, Poe",Virginia,VA,PJM,PJM, , ,17,Estimated,https://www.pjm.com/planning/m/project-construction, 
R-0465,P-0409,Reconductor Vernon - Northfield 345kV, ,Vermont Electric Power Company,Planning,2024/10/1,Reconductor, ,345,345, ,0,2027, , , , , , ,Vernon VT,NA,Vernon VT,"New Hampshire, Vermont","NH, VT",ISO-NE,ISO-NE, , ,11,Estimated,https://www.iso-ne.com/system-planning/system-plans-studies/rsp/rsp-project-list-and-the-asset-condition-list, 
R-0466,P-0410,Reconductor Vint Hill - Liberty 230 kV Line, ,Dominion Energy,"Engineering, design, and routing",2026/6/23,Reconductor, ,230,230, ,0,2028, , , , , , ,Vint Hill,Liberty,"Vint Hill, Liberty",Virginia,VA,PJM,PJM, , ,6,Estimated,https://www.pjm.com/planning/m/project-construction, 
R-0467,P-0411,Reconductor Warinanco - Aldene 230 kV, ,PSEG,Planning,2025/1/1,Reconductor, ,230,230, ,0, , , , , , , ,Warinanco,Aldene,"Warinanco, Aldene",New Jersey,NJ,PJM,PJM, , ,3.1,Estimated,https://www.pjm.com/planning/m/project-construction, 
R-0468,P-0412,Reconductor Wempleton - Byron 345 kV Line, ,Commonwealth Edison,Planning,2025/1/1,Reconductor, ,345,345, ,0, , , , , , , ,Wempleton,Byron,"Wempleton, Byron",Illinois,IL,PJM,PJM, , ,28,Reported,https://www.pjm.com/planning/m/project-construction, 
R-0469,P-0413,Reconductor/Rebuild Gainesville - Wheeler 230 kV Line, ,Dominion Energy,"Engineering, design, and routing",2026/6/23,Reconductor, ,230,230, ,0,2029, , , , , , ,Gainesville,Wheeler,"Gainesville, Trident, Atlantic, Linton Tap, Wheeler",Virginia,VA,PJM,PJM, , ,6,Estimated,https://www.pjm.com/planning/m/project-construction, 
R-0470,P-0414,Red Butte - St. George Upgrade to 345 KV, ,PacifiCorp, ,,Upgrade,Aboveground,345,345, ,0, , , , , , , ,Red Butte,St George,"Red Butte, St George",Utah,UT,None (Non-RTO West), , , ,20,Estimated,https://www.utah.gov/pmn/files/543665.pdf, 
R-0471,P-0415,Reiter - Tesoro 345 kV Double - Circuit Line, ,Oncor,Permitting,2026/6/23,"New circuit, greenfield", ,345,345, ,0,2027,Permitting Underway,"CPCN, siting and permitting final decision",2026/3/17,Permitting Underway,Permitting Complete, ,Reiter,Tesoro,"Reiter, Tesoro",Texas,TX,ERCOT,ERCOT,23RPG029, ,2.9,Estimated,https://www.oncor.com/content/dam/oncorwww/documents/about-us/transmission-system/current-trasmission-line-projects/reiter-switch-tesoro-switch/Reiter%20Switch%20-%20Tesoro%20Switch%20OnePager.pdf,https://www.ercot.com/gridinfo/planning
R-0472,P-0416,Rice - Ringgold 230 kV Line, ,Transource Energy,"Engineering, design, and routing",2026/6/23,"New circuit, greenfield", ,230,230, ,0,2029, , , , , , ,Rice,Ringgold,"Rice, Ringgold","Maryland, Pennsylvania","MD, PA",PJM,PJM, , ,23,Estimated,https://www.pjm.com/planning/m/project-construction, 
R-0473,P-0417,Richmond - Waneeta 230 kV, ,PECO,"Engineering, design, and routing",2026/6/23,Rebuild, ,230,230, ,0,2028, , , , , , ,Richmond,Waneeta,"Richmond, Waneeta",Pennsylvania,PA,PJM,PJM, , ,2.9,Estimated,https://www.pjm.com/planning/m/project-construction, 
R-0474,P-0418,RioSol, ,Southwestern Power Group,Permitting,2026/2/12,"New circuit, greenfield",Aboveground,500,500,AC,1600,2028,ROD Issued,"CPCN, siting and permitting final decision",2026/3/17,Record of Decision Issued,Permitting Complete, ,Pinal Central,Not specified,Pinal Central,"Arizona, New Mexico","AZ, NM",None (Non-RTO West), , , ,516,Estimated,https://riosol.energy/#story, 
R-0475,P-0419,Riverside Transmission Reliability Project, ,"Southern California Edison, Riverside Public Utilities",Construction,2025/4/1,"New circuit, greenfield",Mixed,230,230, ,0,2028, , , , , , ,Not specified - line interconnection,Wildlife,Wildlife,California,CA,CAISO,CAISO, , ,9,Estimated,https://www.riversideca.gov/utilities/projects/current-projects/electric-projects/riverside-transmission-reliability-project-rtrp,https://www.sce.com/about-us/reliability/upgrading-transmission/riverside
R-0476,P-0420,Riverton - Sandlake 138 kV Line Conversion 345 kV and Riverton - Sandlake 138 kV Line, ,Oncor,Planning,2024/12/18,Upgrade, ,345,345, ,0,2026, , , , , , ,Riverton,Sand Lake,"Riverton, Sand Lake",Texas,TX,ERCOT,ERCOT,24RPG010, ,35,Estimated,https://www.ercot.com/gridinfo/planning, 
R-0477,P-0421,Riverton - Wing River, ,Great River Energy, ,,Upgrade, ,230,230, ,0,2024, , , , , , ,Riverton 230/115 kV,Wing River,"Riverton 230/115 kV, Wing River",Minnesota,MN,MISO,MISO,MTEP22, ,49,Estimated,https://www.misoenergy.org/planning/transmission-planning/mtep/#t=10&p=0&s=&sd=, 
R-0478,P-0422,Roanoke Area Upgrades, ,Oncor,Construction,2026/6/23,"New circuit, greenfield", ,345,345, ,0,2026,Permitting Underway,"CPCN, siting and permitting final decision",2026/3/17,Permitting Underway,Permitting Complete, ,Ramhorn Hill,Dunham,"Ramhorn Hill, Dunham",Texas,TX,ERCOT,ERCOT,21RPG008, ,16,Estimated,https://www.ercot.com/files/docs/2022/08/08/8.2%20Roanoke%20Area%20Upgrades%20RPG%20Project.pdf,https://www.ercot.com/gridinfo/planning
R-0479,P-0423,Robinson Plant - Rockingham Line Upgrade, ,Duke Energy,Permitting,2025/2/6,Upgrade, ,230,230, ,0,2026, , , , , , ,Rockingham,Tap148313,"Rockingham, Tap148313","North Carolina, South Carolina","NC, SC",None (Southeast), , , ,17,Reported,https://www.duke-energy.com/-/media/pdfs/our-company/231478-robinson-rockingham-230-line-property-map.pdf?rev=e217778ec22b477ea7cbb7f478888d4c, 
R-0480,P-0424,Rock Creek - John Day 500 kV Line Upgrade, ,Bonneville Power Administration,Planning,2024/12/10,Reconductor,Aboveground,500,500, ,0,2030,Not started,Not started,2026/3/17,Not started,Not started, ,Rock Creek,John Day 2,"Rock Creek, John Day 2","Oregon, Washington","OR, WA",None (Non-RTO West),Bonneville Power Administration, ,Evolving Grid Projects (EGP) 1.0,14,Estimated,https://www.bpa.gov/-/media/Aep/transmission/evolving-grid/evolving-grid-project-summaries.pdf, 
R-0481,P-0425,Rockhound - Connell 345 kV Double - Circuit Line, ,Oncor,Planning,2024/12/18,"New circuit, greenfield", ,345,345, ,0,2026,Not started,"CPCN, siting and permitting final decision",2026/3/17,Not started,Permitting Complete, ,Rockhound,Connell,"Rockhound, Connell",Texas,TX,ERCOT,ERCOT, , ,11,Estimated,https://www.ercot.com/gridinfo/planning, 
R-0482,P-0426,Rockhound - Midland East 345 kV Line Rebuild, ,Oncor,Planning,2024/12/18,"Rebuild; New circuit, existing ROW", ,345,345, ,0,2028,Not started,Not started,2026/3/17,Not started,Not started, ,Rockhound,Midland East,"Rockhound, Midland East",Texas,TX,ERCOT,ERCOT,23RPG029, ,8,Estimated,https://www.ercot.com/gridinfo/planning, 
R-0483,P-0427,Rocky Mount Rebuild, ,Dominion Energy,Complete,2025/2/6,Rebuild, ,230,230, ,0,2024, , , , , , ,Hathaway,NA - line continues,Hathaway,North Carolina,NC,PJM, , , ,3.9,Reported,https://www.dominionenergy.com/projects-and-facilities/electric-projects/power-line-projects/rocky-mount, 
R-0484,P-0428,Ross - Rivergate 230 kV Line Upgrade, ,Bonneville Power Administration,Planning,2024/12/10,Reconductor,Aboveground,230,230, ,0,2029,Not started,Not started,2026/3/17,Not started,Not started, ,Ross,Rivergate,"Ross, Rivergate","Oregon, Washington","OR, WA",None (Non-RTO West),Bonneville Power Administration, ,Evolving Grid Projects (EGP) 1.0,8,Estimated,https://www.bpa.gov/-/media/Aep/transmission/evolving-grid/EGP-10-Project-Summaries.pdf, 
R-0485,P-0429,Ross Praire to Shaw Transmission Project, ,Duke Energy,"Engineering, design, and routing",2025/4/1,"New circuit, greenfield", ,230,230, ,0,2026, , , , , , ,Ross Prairie,Red Oak Electric / Shaw,"Ross Prairie, Red Oak Electric / Shaw",Florida,FL,None (Southeast), , , ,19,Reported,https://www.duke-energy.com/our-company/about-us/electric-transmission-projects/ross-prairie-to-shaw, 
R-0486,P-0430,Roundup to Kummer Ridge 345 kV Line, ,Basin Electric Power Cooperative,Complete,2025/2/12,"New circuit, greenfield", ,345,345, ,0,2024,Permitting Complete,"CPCN, siting and permitting underway",2026/3/17,Complete,Permitting Underway, ,Roundup,Kummer Ridge,"Roundup, Kummer Ridge",North Dakota,ND,"SPP, MISO", , , ,29,Estimated,https://www.basinelectric.com/about-us/transmission/Roundup-Kummer-Ridge-transmission-line, 
R-0487,P-0327,R-Project, ,Nebraska Public Power District,On hold,2026/6/23,"New circuit, greenfield",Aboveground,345,345, ,0,2028,Draft EIS/EIA,Not started,2026/3/17,Permitting Underway,Not started,Gentleman - Cherry Co. - Holt Co. 345 kV,Gentleman,Holt County,"Gentleman, Thedford, Holt County",Nebraska,NE,SPP,SPP, , ,227,Reported,https://rproject.nppd.com/, 
R-0488,P-0431,Rusk to Panola, ,Garland Power & Light, ,,"New circuit, greenfield", ,345,345, ,0,0,Not started,"CPCN, siting and permitting final decision",2026/3/17,Not started,Permitting Complete, ,Rusk,Panola,"Rusk, Panola",Texas,TX,"MISO, SPP, ERCOT", , , ,37,Reported,https://www.power-grid.com/executive-insight/garland-power-light-transmission-line-moves-forward-in-texas/, 
R-0489,P-0432,Ruther Glen 230 kV Electric Transmission Project\, ,Dominion Energy,Permitting,2025/2/6,"New circuit, greenfield", ,230,230, ,0,2027, , , , , , ,Ruther Glen,NA - none,Ruther Glen,Virginia,VA,PJM, , , ,4,Estimated,https://www.dominionenergy.com/projects-and-facilities/electric-projects/power-line-projects/carmel-church-ruther-glen, 
R-0490,P-0433,San Bernardino - Etiwanda 230 kV Upgrade, ,Southern California Edison,Planning,2024/5/23,Upgrade, ,230,230, ,0,2031, , , , , , ,San Bernardino,Etiwanda,Etiwanda,California,CA,CAISO,CAISO, , ,23,Estimated,https://www.caiso.com/documents/iso-board-approved-2023-2024-transmission-plan.pdf, 
R-0491,P-0434,San Bernardino - Vista 230 kV Upgrade, ,Southern California Edison,Planning,2024/5/23,Upgrade, ,230,230, ,0,2028, , , , , , ,San Bernardino,Rancho Vista,"San Bernardino, Rancho Vista",California,CA,CAISO,CAISO, , ,24,Estimated,https://www.caiso.com/documents/iso-board-approved-2023-2024-transmission-plan.pdf, 
R-0492,P-0435,San Miguel to Cruce 345 kV lines, ,South Texas Electric Cooperative,Permitting,2026/6/23,"New circuit, greenfield", ,345,345, ,0,2026,Permitting Underway,"CPCN, siting and permitting final decision",2026/3/17,Permitting Underway,Permitting Complete, ,San Miguel,Cruce,"San Miguel, Cruce",Texas,TX,ERCOT,ERCOT,21RPG017, ,99,Estimated,https://www.ercot.com/gridinfo/planning, 
R-0493,P-0436,Schahfer - St. John, ,Northern Indiana Public Service Company,Planning,2026/6/23,Upgrade, ,345,345, ,0,2026,Not started,Not started,2026/3/17,Not started,Not started, ,Schahfer,St. John,"Schahfer, St. John",Indiana,IN,MISO,MISO,MTEP23, ,31,Reported,https://www.misoenergy.org/planning/transmission-planning/mtep/#t=10&p=0&s=&sd=, 
R-0494,P-0437,Schultz - Olympia 500KV, ,Bonneville Power Administration,Planning,2025/9/24,Upgrade, ,500,500, ,0, ,Not started,Not started,2026/3/17,Not started,Not started, ,Schultz,Olympia,"Schultz, Olympia",Washington,WA,None (Non-RTO West),Bonneville Power Administration, ,Evolving Grid Projects (EGP) 2.0,130,Estimated,https://www.bpa.gov/-/media/Aep/transmission/evolving-grid/EGP-20-Public-Workshop-17-Oct-2024.pdf, 
R-0495,P-0438,Schultz - Raver 500 kV Line Upgrade, ,Bonneville Power Administration,Planning,2024/12/10,Reconductor,Aboveground,500,500, ,0,2031,Not started,Not started,2026/3/17,Not started,Not started, ,Schultz,Raver,"Schultz, Raver",Washington,WA,None (Non-RTO West),Bonneville Power Administration, ,Evolving Grid Projects (EGP) 1.0,78,Estimated,https://www.bpa.gov/-/media/Aep/transmission/evolving-grid/EGP-10-Project-Summaries.pdf, 
R-0496,P-0439,Serrano - Alberhill - Valley 500 kV Upgrade, ,Azusa Light & Power,Planning,2024/5/23,Upgrade, ,500,500, ,0,2028, , , , , , ,Serrano,Valley (CA),"Serrano, Valley",California,CA,CAISO,CAISO, , ,40,Estimated,https://www.caiso.com/documents/iso-board-approved-2023-2024-transmission-plan.pdf, 
R-0497,P-0440,Serrano - Del Amo - Mesa 500 kV Transmission Reinforcement, ,Southern California Edison,Planning,2026/3/6,"New circuit, greenfield", ,500,500, ,0,2033,Not started,Not started,2026/3/17,Not started,Not started, ,Del Amo,Serrano,"Del Amo, Mesa, Serrano",California,CA,CAISO,CAISO,WestTec 10 Yr Plan,Base Case,41,Estimated,https://www.caiso.com/documents/iso-board-approved-2023-2024-transmission-plan.pdf,https://www.westernpowerpool.org/private-media/documents/WestTEC_10-year_Full_Report.pdf
R-0498,P-0441,Serrano - SONGS 230 kV Rebuild, ,Southern California Edison,Planning,2024/5/23,Rebuild, ,230,230, ,0,2027, , , , , , ,Serrano,San Ofre Nuclear Power Plant (SONGS),"Serrano, San Ofre Nuclear Power Plant (SONGS)",California,CA,CAISO,CAISO, , ,40,Estimated,https://www.caiso.com/documents/iso-board-approved-2023-2024-transmission-plan.pdf, 
R-0499,P-0442,SETEX Area Reliability Project, ,Entergy,Permitting,2026/6/11,"New circuit, greenfield", ,500,500, ,0, ,Permitting Underway,"CPCN, siting and permitting final decision",2026/3/17,Permitting Underway,Permitting Complete,27943-Babel-Running Bear,Babel,Running Bear,"Babel, Running Bear",Texas,TX,"MISO, ERCOT",MISO,MTEP23, ,127,Estimated,https://www.entergy-texas.com/transmission/setex/,https://www.misoenergy.org/planning/transmission-planning/mtep/#t=10&p=0&s=&sd=
R-0500,P-0443,Skunk River - Ipava, ,Ameren Illinois,Permitting,2025/12/2,"New circuit, greenfield",Aboveground,345,345, ,0,2029,Permitting Underway,"CPCN, siting and permitting underway, completed in one state",2026/3/17,Permitting Underway,Partially Complete,LRTP 13: Coddington - Ipava,Skunk River,Ipava,"Skunk River, Ipava","Illinois, Iowa","IA, IL",MISO,MISO,MTEP21,LRTP Tranche 1,82,Estimated,https://www.misoenergy.org/planning/transmission-planning/mtep/#t=10&p=0&s=&sd=, 
R-0501,P-0444,S-Line Upgrade Project, ,Citizens Energy,Construction,2021/12/9,Rebuild, ,230,230, ,0,2023, , , , , , ,Imperial Valley,El Centro,"Imperial Valley, El Centro",California,CA,CAISO,CAISO, , ,18,Estimated,https://citizensenergy.com/pressrelease/citizens-energy-iid-break-ground-on-s-line-upgrade-project/,https://www.caiso.com/documents/iso-board-approved-2023-2024-transmission-plan.pdf
R-0502,P-0445,Smart Path (Rebuild), ,The New York Power Authority (NYPA),Complete,2023/6/20,Rebuild,Aboveground,230,345, ,0,2023, , , , , , ,Moses (St. Lawrence - FDR),Adirondack,"Moses (St. Lawrence - FDR), Adirondack",New York,NY,NYISO,NYISO, , ,84,Estimated,https://www.nypa.gov/-/media/nypa/documents/document-library/transmission/projects-smartpath/smartpath-faq.pdf, 
R-0503,P-0446,Smart Path Connect,Rector Road/Chases Lake - Austin Road,"The New York Power Authority (NYPA), National Grid",Construction,2025/10/14,"New circuit, greenfield",Aboveground,230,230, ,0,2025,Permitting Complete,"CPCN, siting and permitting final decision",2026/3/17,Complete,Permitting Complete, ,Chases Lake,Austin Road,"Chases Lake, Austin Road",New York,NY,NYISO,NYISO, , ,0.5,Estimated,https://www.nypa.gov/power/transmission/transmission-projects/smart-path-connect, 
R-0504,P-0446,Smart Path Connect,Haverstock - Willis,"The New York Power Authority (NYPA), National Grid",Construction,2025/10/14,Rebuild,Aboveground,345,345, ,0,2025,Permitting Complete,"CPCN, siting and permitting final decision",2025/12/8,Complete,Permitting Complete, ,Haverstock,Willis,"Haverstock, Willis",New York,NY,NYISO,NYISO, , ,35,Estimated,https://www.nypa.gov/power/transmission/transmission-projects/smart-path-connect, 
R-0505,P-0446,Smart Path Connect,Willis - Ryan - Plattsburgh line,"The New York Power Authority (NYPA), National Grid",Construction,2025/10/14,Rebuild,Aboveground,230,230, ,0,2025,Permitting Complete,"CPCN, siting and permitting final decision",2025/12/8,Complete,Permitting Complete, ,Willis,Ryan,"Willis, Ryan",New York,NY,NYISO,NYISO, , ,11,Estimated,https://www.nypa.gov/power/transmission/transmission-projects/smart-path-connect, 
R-0506,P-0446,Smart Path Connect,Willis - Patnode,"The New York Power Authority (NYPA), National Grid",Construction,2025/10/14,Rebuild,Aboveground,230,230, ,0,2025,Permitting Complete,"CPCN, siting and permitting final decision",2025/12/8,Complete,Permitting Complete, ,Willis,Patnode,"Willis, Patnode",New York,NY,NYISO,NYISO, , ,9,Estimated,https://www.nypa.gov/power/transmission/transmission-projects/smart-path-connect, 
R-0507,P-0446,Smart Path Connect,Moses- Haverstock,"The New York Power Authority (NYPA), National Grid",Construction,2025/10/14,Rebuild,Aboveground,230,230, ,0,2025,Permitting Complete,"CPCN, siting and permitting final decision",2025/12/8,Complete,Permitting Complete, ,Moses (St. Lawrence - FDR),Haverstock,"Moses (St. Lawrence - FDR), Haverstock",New York,NY,NYISO,NYISO, , ,2.2,Estimated,https://www.nypa.gov/power/transmission/transmission-projects/smart-path-connect, 
R-0508,P-0446,Smart Path Connect,Haverstock - Adirondack,"The New York Power Authority (NYPA), National Grid",Construction,2025/10/14,Rebuild,Aboveground,345,345, ,0,2025,Permitting Complete,"CPCN, siting and permitting final decision",2025/12/8,Complete,Permitting Complete, ,Haverstock,Adirondack,"Haverstock, Adirondack",New York,NY,NYISO,NYISO, , ,0.3,Estimated,https://www.nypa.gov/power/transmission/transmission-projects/smart-path-connect, 
R-0509,P-0446,Smart Path Connect,Adirondack - Chases Lake - Porter,"The New York Power Authority (NYPA), National Grid", ,,Rebuild; Upgrade,Aboveground,345,345, ,0,2025,Permitting Complete,"CPCN, siting and permitting final decision",2025/12/8,Complete,Permitting Complete, ,Adirondack,Porter,"Adirondack, Chases Lake, Porter",New York,NY,NYISO,NYISO, , ,55,Estimated,https://www.nypa.gov/power/transmission/transmission-projects/smart-path-connect, 
R-0510,P-0446,Smart Path Connect,Adirondack - Porter,"The New York Power Authority (NYPA), National Grid", ,,Rebuild; Upgrade,Aboveground,345,345, ,0,2025,Permitting Complete,"CPCN, siting and permitting final decision",2025/12/8,Complete,Permitting Complete, ,Adirondack,Porter,"Adirondack, Porter",New York,NY,NYISO,NYISO, , ,54,Estimated,https://www.nypa.gov/power/transmission/transmission-projects/smart-path-connect, 
R-0511,P-0446,Smart Path Connect,Adirondack - Marcy,"The New York Power Authority (NYPA), National Grid",Construction,2025/10/14,Rebuild; Upgrade,Aboveground,345,345, ,0,2025,Permitting Complete,"CPCN, siting and permitting final decision",2025/12/8,Complete,Permitting Complete, ,Adirondack,Marcy,"Adirondack, Marcy",New York,NY,NYISO,NYISO, , ,53,Estimated,https://www.nypa.gov/power/transmission/transmission-projects/smart-path-connect, 
R-0512,P-0446,Smart Path Connect,Adirondack - Austin Road - Edic,"The New York Power Authority (NYPA), National Grid",Construction,2025/10/14,Rebuild; Upgrade,Aboveground,345,345, ,0,2025,Permitting Complete,"CPCN, siting and permitting final decision",2025/12/8,Complete,Permitting Complete, ,Adirondack,Edic,"Adirondack. Austin Road, Edic",New York,NY,NYISO,NYISO, , ,54,Estimated,https://www.nypa.gov/power/transmission/transmission-projects/smart-path-connect, 
R-0513,P-0447,SOO Green HVDC Link, ,"Copenhagen Infrastructure Partners, Siemens Energy, Jingoli Power, PPL Corporation",Permitting,2025/1/28,"New circuit, greenfield",Underground,525,525,DC,2000,2029,Permitting Underway,"CPCN, siting and permitting underway in one state",2026/3/17,Permitting Underway,Permitting Underway, ,Not specified,Not specified, ,"Illinois, Iowa, Wisconsin","IA, IL, WI","MISO, PJM", , , ,350,Reported,https://soogreen.com/, 
R-0514,P-0448,Sooner - Wekiwa 345 kV, ,Transource Oklahoma,Complete,2026/6/23,"New circuit, greenfield", ,345,345, ,0,2025,Permitting Underway,"CPCN, siting and permitting underway",2026/3/17,Permitting Underway,Permitting Underway, ,Sooner,Wekiwa,"Sooner, Wekiwa",Oklahoma,OK,SPP,SPP,2019 ITP, ,50,Estimated,https://www.spp.org/documents/60937/2019%20itp%20report_v1.0.pdf,https://www.transourceenergyprojects.com/Sooner-Wekiwa/
R-0515,P-0449,South Hill 230 kV Project, ,Dominion Energy,Construction,2025/2/8,"New circuit, greenfield", ,230,230, ,0,2025, , , , , , ,Unity,Raines,"Unity, Tunstall, Raines, Evans Creek",Virginia,VA,PJM, , , ,18,Estimated,https://www.dominionenergy.com/projects-and-facilities/electric-projects/power-line-projects/south-hill, 
R-0516,P-0450,South Orange County Reliability Enhancement (SOCRE) Project, ,San Diego Gas & Electric (SDG&E),Construction,2025/3/11,"New circuit, existing ROW",Mixed (mostly aboveground),230,230, ,0,2024, , , , , , ,Capistrano,Talega,"Capistrano, Pico, Talega",California,CA,CAISO,CAISO, , ,8,Estimated,https://www.sdge.com/major-projects/major-projects-transmission-south-oc,https://ia.cpuc.ca.gov/environment/info/ene/socre/socre.html
R-0517,P-0451,Southern Oaks Reliability Project, ,Duke Energy,Complete,2025/8/25,"New circuit, greenfield",Aboveground,230,230, ,0,2024, , , , , , ,Southern Oaks,NA - Interconnects line,Southern Oaks,Florida,FL,None (Southeast), , , ,0.6,Estimated,https://www.duke-energy.com/our-company/about-us/electric-transmission-projects/southern-oaks, 
R-0518,P-0452,Southern Spirit Transmission, ,Pattern Energy,Permitting,2025/1/27,"New circuit, greenfield", ,525,525,DC,3000,2032,Permitting Underway,"CPCN, siting and permitting underway, completed in one state",2026/3/17,Permitting Underway,Partially Complete, ,Not specified,Not specified, ,"Louisiana, Mississippi","LA, MS","SPP, MISO", , , ,320,Reported,https://patternenergy.com/projects/southern-spirit-transmission/, 
R-0519,P-0453,Southline Transmission Project,Phase 1 Upgrade,"Grid United, Tuscan Electric",Permitting,2024/9/1,Upgrade,Aboveground,230,230, ,1000,2028,ROD issued,"CPCN, siting and permitting underway, completed in one state",2026/3/17,Record of Decision Issued,Partially Complete, ,Saguaro,Apache,"Saguaro, Tortolita, Rattlesnake, Petrie, Apache",Arizona,AZ,None (Non-RTO West), , , ,280,Reported,https://southlinetransmission.com/,https://eplanning.blm.gov/eplanning-ui/project/83613/510
R-0520,P-0453,Southline Transmission Project,Phase 2 New Build,"Grid United, Tuscan Electric",Permitting,2024/9/1,"New circuit, greenfield",Aboveground,345,345, ,1000,2028,ROD issued,"CPCN, siting and permitting underway, completed in one state",2025/12/8,Record of Decision Issued,Partially Complete, ,Hidalgo,Afton,"Hidalgo, Afton",New Mexico,NM,None (Non-RTO West), , , ,114,Estimated,https://southlinetransmission.com/,https://eplanning.blm.gov/eplanning-ui/project/83613/510
R-0521,P-0453,Southline Transmission Project,Phase 1 New Build,"Grid United, Tuscan Electric",Permitting,2024/9/1,"New circuit, greenfield",Aboveground,345,345, ,1000,2028,ROD issued,"CPCN, siting and permitting underway, completed in one state",2025/12/8,Record of Decision Issued,Partially Complete, ,Apache,Hidalgo,"Apache, Hidalgo","Arizona, New Mexico","AZ, NM",None (Non-RTO West), , , ,106,Estimated,https://southlinetransmission.com/,https://eplanning.blm.gov/eplanning-ui/project/83613/510
R-0522,P-0454,Southwest Intertie Project (SWIP) North, ,Great Basin Transmission LLC (LS Power),Permitting,2026/2/12,"New circuit, greenfield",Aboveground,500,500, ,2000,2027,ROD Issued,"CPCN, siting and permitting final decision",2026/3/17,Record of Decision Issued,Permitting Complete, ,Robinson Summit,Midpoint (500kV),"Robinson Summit, Midpoint (500kV)","Idaho, Nevada","ID, NV",None (Non-RTO West), , , ,281,Estimated,https://www.energy.gov/sites/default/files/2024-04/042324_GDO_TFP_Fact_Sheet_SWIPN.pdf, 
R-0523,P-0455,Spanish Fork to Mercer Transmission Project, ,PacifiCorp,Permitting,2024/6/28,"New circuit, greenfield",Aboveground,345,345, ,0,2027,Permitting Underway,"CPCN, siting and permitting underway",2026/3/17,Permitting Underway,Permitting Underway, ,Spanish Fork,Mercer,"Spanish Fork, Mercer",Utah,UT,None (Non-RTO West), , , ,47,Estimated,https://www.pacificorp.com/transmission/transmission-projects/spanish-fork-to-mercer.html, 
R-0524,P-0456,Sporn - Mercers Bottom 345 kV Line, ,AEP,Hold,2026/6/23,"New circuit, greenfield", ,345,345, ,0,2029, , , , , , ,Sporn,Mercers Bottom,"Sporn, Mercers Bottom",West Virginia,WV,PJM,PJM, , ,25,Estimated,https://www.pjm.com/planning/m/project-construction, 
R-0525,P-0457,St. Clair - Stephens, ,ITC,Complete,2026/4/2,Upgrade,Aboveground,345,345, ,0,2025, , , , , , ,St. Clair,Stephens,"St. Clair, Stephens",Michigan,MI,MISO,MISO,MTEP19, ,33,Estimated,https://www.misoenergy.org/planning/transmission-planning/mtep/#t=10&p=0&s=&sd=, 
R-0526,P-0458,Staunton - Valley 230 kV Rebuild, ,Dominion Energy,Construction,2025/2/10,Rebuild, ,230,230, ,0,2025, , , , , , ,Staunton,Valley (VA),"Staunton, West Staunton, Valley",Virginia,VA,PJM, , , ,21.5,Reported,https://www.dominionenergy.com/projects-and-facilities/electric-projects/power-line-projects/staunton-valley, 
R-0527,P-0459,Sub T (MISO LRTP Tranche 2.1 Addtl Lines),345 kV (initial concept), , ,,"New circuit, greenfield", ,345,345, ,0, ,Not started,Not started,2026/3/17,Not started,Not started, ,Sub T,None specified,Sub T,Iowa,IA,MISO,MISO,MTEP24,LRTP Tranche 2.1,11,Estimated,https://www.misoenergy.org/planning/transmission-planning/mtep/#t=10&p=0&s=&sd=, 
R-0528,P-0460,SunZia, ,Pattern Energy,Complete,2026/6/24,"New circuit, greenfield",Aboveground,525,525,DC,3000,2026,ROD Issued,"CPCN, siting and permitting final decision",2026/3/17,Record of Decision Issued,Permitting Complete, ,SunZia East,Pinal Central,"SunZia East, SunZia West, Pinal Central","Arizona, New Mexico","AZ, NM",None (Non-RTO West), , , ,516,Estimated,https://patternenergy.com/projects/sunzia/,https://eplanning.blm.gov/eplanning-ui/project/2011785/510
R-0529,P-0461,Swan Lake Energy Storage Project, ,Copenhagen Infrastructure Partners,Permitting,2025/4/1,"New circuit, greenfield", ,230,230, ,0,2028, , , , , , ,Swan Lake Project,None specified,Swan Lake Project,Oregon,OR,None (Non-RTO West), , , ,33,Reported,https://slenergystorage.com/index.html, 
R-0530,P-0462,Sweatt - Whidden Transmission Line, ,Florida Power & Light,Construction,2024/11/27,"New circuit, greenfield",Aboveground,230,230, ,0,2026, , , , , , ,Sweatt,Whidden,"Sweatt. Basinger, Waterway, Dorr Field, Whidden",Florida,FL,None (Southeast), , , ,81,Estimated,https://www.fpl.com/reliability/sweatt-whidden.html, 
R-0531,P-0463,Sycamore - Bondurant, ,MidAmerican Energy Company, ,,Upgrade, ,345,345, ,0,2023, , , , , , ,Sycamore,Bondurant,"Sycamore, Bondurant",Iowa,IA,MISO,MISO,MTEP22, ,9,Estimated,https://www.misoenergy.org/planning/transmission-planning/mtep/#t=10&p=0&s=&sd=, 
R-0532,P-0464,Sycolin Creek - Golden 230 kV Line, ,Dominion Energy,"Engineering, design, and routing",2025/1/1,"New circuit, greenfield", ,230,230, ,0,2027, , , , , , ,Sycolin Creek,Golden,"Sycolin Creek, Golden",Virginia,VA,PJM,PJM, , ,10,Estimated,https://www.pjm.com/planning/m/project-construction, 
R-0533,P-0465,Tarboro to Hathaway Rebuild, ,Dominion Energy,Planning,2026/6/23,Rebuild,Aboveground,230,230, ,0,2029, , , , , , ,Tarboro,Hathaway,"Tarboro, Hathaway",North Carolina,NC,PJM, , , ,17,Reported,https://www.dominionenergy.com/projects-and-facilities/electric-projects/power-line-projects/tarboro-to-hathaway, 
R-0534,P-0466,Ten West Link, ,DCR Transmission, ,,"New circuit, greenfield",Aboveground,500,500,AC,3200,2024,Notice to Proceed,"CPCN, siting and permitting final decision",2026/3/17,Notice to Proceed,Permitting Complete, ,Delaney,Colorado River,"Delaney, Colorado River","Arizona, California","AZ, CA",CAISO,CAISO, , ,125,Estimated,https://tenwestlink.com/,https://eplanning.blm.gov/eplanning-ui/project/59013/510
R-0535,P-0467,Tesla - Newark 230 kV Line No. 2 Reconductoring, ,Pacific Gas and Electric Company (PG&E), ,2024/5/23,Reconductor, ,230,230, ,0,2034, , , , , , ,Tesla,Newark,"Tesla, Newark",California,CA,CAISO,CAISO, , ,28,Estimated,https://www.caiso.com/documents/iso-board-approved-2023-2024-transmission-plan.pdf, 
R-0536,P-0468,Three Corners Connector, ,Grid United,Planning,2025/12/2,"New circuit, greenfield",Aboveground,525,525,DC,3000,2028,Not started,Not started,2026/3/17,Not started,Not started, ,Pueblo,Guymon,"Pueblo, Guymon","Colorado, Kansas, Oklahoma","CO, KS, OK",SPP,Merchant, , ,297,Estimated,https://threecornersconnector.com/, 
R-0537,P-0469,Tipton West - Cammack Rd SS, ,Duke Energy Indiana, ,,Upgrade, ,230,230, ,0,2026, , , , , , ,Tipton West,Cammack Rd,"Tipton West, Cammack Rd",Indiana,IN,MISO,MISO,MTEP22, ,12,Estimated,https://www.misoenergy.org/planning/transmission-planning/mtep/#t=10&p=0&s=&sd=, 
R-0538,P-0470,Tonkawa - Ranger Camp 345 kV Line Rebuild, ,Oncor,Permitting,2026/6/23,"Rebuild; New circuit, existing ROW", ,345,345, ,0,2027,Not started,"CPCN, siting and permitting underway",2026/3/17,Not started,Permitting Underway, ,Tonkawa,Ranger Camp,"Tonkawa, Ranger Camp",Texas,TX,ERCOT,ERCOT,23RPG029, ,22,Estimated,https://www.ercot.com/gridinfo/planning, 
R-0539,P-0471,TransCanyonCrossTie, ,"TransCanyon LLC (Berkshire Hathaway, Pinnacle West Capital Corporation)",Permitting,2025/1/29,"New circuit, greenfield",Aboveground,500,500,AC,1500,2027,Final EIS/EIA,"CPCN, siting and permitting underway, completed in one state",2026/3/17,Permitting Underway,Partially Complete, ,Robinson Summit,Clover (UT),"Robinson Summit, Gonder, Clover","Nevada, Utah","NV, UT",None (Non-RTO West), , , ,214,Reported,https://www.transcanyon.com/projects/Cross-Tie-Transmission-Line/default.aspx,https://eplanning.blm.gov/eplanning-ui/project/2018636/510
R-0540,P-0472,TransWest Express,500 AC,The Anschutz Corporation,Construction,2025/1/28,"New circuit, greenfield",Aboveground,500,500, ,4500,2029,ROD Issued,"CPCN, siting and permitting underway, completed in two states",2026/3/17,Record of Decision Issued,Partially Complete, ,Intermountain,Eldorado,"Eldorado, Crystal, Intermountain","Nevada, Utah","NV, UT",None (Non-RTO West), , , ,330,Estimated,https://www.transwestexpress.net/,https://eplanning.blm.gov/eplanning-ui/project/65198/510
R-0541,P-0472,TransWest Express,500 DC,The Anschutz Corporation,Construction,2025/9/24,"New circuit, greenfield",Aboveground,500,500, ,4500,2029,ROD Issued,"CPCN, siting and permitting underway, completed in two states",2025/12/8,Record of Decision Issued,Partially Complete, ,Intermountain,Wyoming Terminal,"Intermountain, Wyoming Terminal","Colorado, Utah, Wyoming","CO, UT, WY",None (Non-RTO West), , , ,402,Estimated,https://www.transwestexpress.net/,https://eplanning.blm.gov/eplanning-ui/project/65198/510
R-0542,P-0473,Tributary 230 kV Route Options, ,Dominion Energy,Permitting,2025/2/8,"New circuit, greenfield", ,230,230, ,0,2027, , , , , , ,Tributary,NA - ties in to existing line,Tributary,Virginia,VA,PJM, , , ,4.6,Estimated,https://www.dominionenergy.com/projects-and-facilities/electric-projects/power-line-projects/tributary, 
R-0543,P-0474,Trinidad - Tri Corner 345 kV Double - Circuit Line, ,Oncor,Planning,2024/12/18,Upgrade, ,345,345, ,0,2026, , , , , , ,Trinidad,Tri-Corner,"Trinidad, Tri-Corner",Texas,TX,ERCOT,ERCOT, , ,40,Estimated,https://www.ercot.com/gridinfo/planning, 
R-0544,P-0475,Tysons - Springhill 230 kV, ,Dominion Energy,Construction,2025/8/15,"New circuit, existing ROW",Underground,230,230, ,0,2027, , , , , , ,Tysons,Springhill,"Tysons, Springhill",Virginia,VA,PJM,PJM, , ,0.6,Estimated,https://www.pjm.com/planning/m/project-construction,https://www.dominionenergy.com/projects-and-facilities/electric-projects/power-line-projects/tysons-future-spring-hill
R-0545,P-0476,Umatilla-Morrow County Connect Project, ,Umatilla Electric Cooperative,"Engineering, design, and routing",2025/4/8,"New circuit, greenfield", ,230,230, ,0, , , , , , ,"Ordinance Switchyard, Highway 730 Switchyard",Ordinance Switchyard,Highway 730 Switchyard,Ordinance Switchyard,Oregon,OR,None (Non-RTO West), , , ,12,Estimated,https://www.oregon.gov/energy/facilities-safety/facilities/Pages/UMCC.aspx, 
R-0546,P-0477,Upgrade 345kV Ckt 71 Addicks - White Oak to increase thermal limits, ,CenterPoint Energy,Planning,2024/12/18,Upgrade, ,345,345, ,0,2026, , , , , , ,Addicks,White Oak (TX),"Addicks, White Oak",Texas,TX,"ERCOT, MISO",ERCOT, , ,10,Estimated,https://www.ercot.com/gridinfo/planning, 
R-0547,P-0478,Upgrade Bellaire to Jeanetta Ckt.64B to increase thermal limits, ,CenterPoint Energy,Planning,2024/12/18,Upgrade, ,345,345, ,0,2025, , , , , , ,Bellaire,Jeanetta,"Bellaire, Jeanetta",Texas,TX,"ERCOT, MISO",ERCOT, , ,6,Estimated,https://www.ercot.com/gridinfo/planning, 
R-0548,P-0479,Upgrade Bellaire to WA Parish, ,CenterPoint Energy,Planning,2024/12/18,Upgrade, ,345,345, ,0,2025, , , , , , ,Bellaire,W.A. Parish (138kV),"Bellaire, Parish, W.A. Parish (138kV)",Texas,TX,"ERCOT, MISO",ERCOT, , ,26,Estimated,https://www.ercot.com/gridinfo/planning, 
R-0549,P-0480,Upgrade Ckt.99A PH Robinson to Meadow, ,CenterPoint Energy,Planning,2024/12/18,Upgrade, ,345,345, ,0,2025, , , , , , ,PH Robinson,Meadow,"PH Robinson, Meadow",Texas,TX,"ERCOT, MISO",ERCOT, , ,18,Estimated,https://www.ercot.com/gridinfo/planning, 
R-0550,P-0481,Upgrade Jeanetta to WA Parish, ,CenterPoint Energy,Planning,2024/12/18,Upgrade, ,345,345, ,0,2025, , , , , , ,Jeanetta,W.A. Parish (138kV),"Jeanetta, Parish, W.A. Parish (138kV)",Texas,TX,"ERCOT, MISO",ERCOT, , ,21,Estimated,https://www.ercot.com/gridinfo/planning, 
R-0551,P-0482,Upgrade Silver Run - Hope Creek 230 kV Line, ,LS Power,"Engineering, design, and routing",2025/1/1,Upgrade, ,230,230, ,0,2029, , , , , , ,Silver Run,Hope Creek,"Silver Run, Hope Creek","Delaware, New Jersey","DE, NJ",PJM,PJM, , ,5,Estimated,https://www.pjm.com/planning/m/project-construction, 
R-0552,P-0483,Vasona - Metcalf Limiting Elements Removal, ,Pacific Gas and Electric Company (PG&E),Planning,2024/5/23,Upgrade, ,230,230, ,0,2025, , , , , , ,Vasona,Metcalf,"Vasona, Metcalf",California,CA,CAISO,CAISO, , ,13,Estimated,https://www.caiso.com/documents/iso-board-approved-2023-2024-transmission-plan.pdf, 
R-0553,P-0484,Vint Hill to Wishing Star 500 kV Line, ,Dominion Energy,"Engineering, design, and routing",2026/6/10,"New circuit, greenfield", ,500,500, ,0,2030,Not started,Not started,2026/3/17,Not started,Not started, ,Vint Hill,Wishing Star,"Vint Hill, Wishing Star",Virginia,VA,PJM,PJM, , ,16.6,Reported,https://www.pjm.com/planning/m/project-construction, 
R-0554,P-0485,Vista - Etiwanda 230 kV Upgrade, ,Southern California Edison,Planning,2024/5/23,Upgrade, ,230,230, ,0,2031, , , , , , ,Rancho Vista,Etiwanda,"Rancho Vista, Etiwanda",California,CA,CAISO,CAISO, , ,0.4,Estimated,https://www.caiso.com/documents/iso-board-approved-2023-2024-transmission-plan.pdf, 
R-0555,P-0486,Vista Trail, ,Lucky Corridor LLC (Ameren Transmission),"Engineering, design, and routing",2025/1/28,"New circuit, greenfield",Aboveground,345,345, ,0, ,Not started,Not started,2026/3/17,Not started,Not started, ,Taos,Springer,"Taos, Springer",New Mexico,NM,None (Non-RTO West), , , ,65,Reported,http://www.luckycorridor.com/VistaTrailProject.html#info_overview, 
R-0556,P-0487,Waller - Lightfoot - Skiffes Creek, ,Dominion Energy,Complete,2025/2/11,Rebuild, ,230,230, ,0,2023, , , , , , ,Lightfoot,Skiffes Creek Switching Station,"Lightfoot, Waller, Skiffes Creek Switching Station",Virginia,VA,PJM, , , ,12,Estimated,https://www.dominionenergy.com/projects-and-facilities/electric-projects/power-line-projects/waller-lightfoot, 
R-0557,P-0488,Warnerville - Bellota 230 kV Line Reconductoring, ,Pacific Gas and Electric Company (PG&E),Planning,2024/5/23,Reconductor, ,230,230, ,0,2024, , , , , , ,Warnerville,Bellota,"Warnerville, Bellota",California,CA,CAISO,CAISO, , ,22,Estimated,https://www.caiso.com/documents/iso-board-approved-2023-2024-transmission-plan.pdf, 
R-0558,P-0489,West Gardner - Craig 345 kV, ,Evergy, ,2025/7/10,"New circuit, greenfield", ,345,345, ,0,2025,Not started,Not started,2026/3/17,Not started,Not started, ,NA,Atlantic (KS),Atlantic,Kansas,KS,SPP,SPP,2023 ITP, ,10.3,Reported,https://www.spp.org/spp-documents-filings/?id=18641, 
R-0559,P-0490,West Shore - Harrisburg 230 kV Line, ,PPL Electric Utilities,"Engineering, design, and routing",2025/1/1,"New circuit, greenfield", ,230,230, ,0,2033, , , , , , ,TalenEnergy Martins Creek LLC West Shore,TalenEnergy Martins Creek LLC Harrisburg,"TalenEnergy Martins Creek LLC West Shore, TalenEnergy Martins Creek LLC Harrisburg",Pennsylvania,PA,PJM,PJM, , ,7,Estimated,https://www.pjm.com/planning/m/project-construction, 
R-0561,P-0492,Western Wisconsin Transmission Connection,Segment shared by Options 1 and 2,Xcel Energy,"Engineering, design, and routing",2024/12/5,"New circuit, greenfield",Aboveground,161,345, ,0,2027,Not started,"CPCN, siting and permitting final decision",2026/3/17,Not started,Permitting Complete,LRTP 05: Tremval - Eau Claire - Jump River,Tremval,Elk Farm,"Tremval, Elk Farm",Wisconsin,WI,MISO,MISO,MTEP21,LRTP Tranche 1,40,Estimated,https://xcelenergytransmission.com/projects/western-wisconsin-transmission-connection/,https://psc.wi.gov/Pages/CommissionActions/CasePages/WesternWisconsin.aspx
R-0562,P-0492,Western Wisconsin Transmission Connection,Route Option 1,Xcel Energy,"Engineering, design, and routing",2024/12/5,"New circuit, greenfield",Aboveground,345,345, ,0,2027,Not started,"CPCN, siting and permitting underway",2025/12/8,Not started,Permitting Underway,LRTP 05: Tremval - Eau Claire - Jump River,Elk Farm,Jump River North,"Elk Farm, Eau Claire Expansion, Jump River North",Wisconsin,WI,MISO,MISO,MTEP21,LRTP Tranche 1,58,Estimated,https://xcelenergytransmission.com/projects/western-wisconsin-transmission-connection/,https://psc.wi.gov/Pages/CommissionActions/CasePages/WesternWisconsin.aspx
R-0563,P-0492,Western Wisconsin Transmission Connection,Route Option 2,Xcel Energy,"Engineering, design, and routing",2024/12/5,"New circuit, greenfield",Aboveground,345,345, ,0,2027,Not started,"CPCN, siting and permitting underway",2025/12/8,Not started,Permitting Underway,LRTP 05: Tremval - Eau Claire - Jump River,Elk Farm,Jump River South,"Elk Farm, Jump River",Wisconsin,WI,MISO,MISO,MTEP21,LRTP Tranche 1,41,Estimated,https://xcelenergytransmission.com/projects/western-wisconsin-transmission-connection/,https://psc.wi.gov/Pages/CommissionActions/CasePages/WesternWisconsin.aspx
R-0564,P-0493,White Oak 230 kV Line, ,Dominion Energy,Construction,2025/2/8,"New circuit, greenfield", ,230,230, ,0, , , , , , , ,White Oak (VA),NA- ties in to existing line,White Oak,Virginia,VA,PJM, , , ,4.7,Estimated,https://www.dominionenergy.com/projects-and-facilities/electric-projects/power-line-projects/white-oak, 
R-0565,P-0494,Williston to Bronson Project, ,Duke Energy,Complete,2025/8/25,"New circuit, greenfield",Aboveground,230,230, ,0,2024, , , , , , ,Williston,Bronson,"Williston, Bronson",Florida,FL,None (Southeast), , , ,17,Reported,https://www.duke-energy.com/our-company/about-us/electric-transmission-projects/williston-north-bronson/williston-bronson-child-1, 
R-0566,P-0495,Willow Glen - Conway - Audubon, ,Entergy, ,,"New circuit, greenfield", ,230,230, ,0,2027, , , , , , ,Willow Glen,Audubon,"Willow Glen, Conway, Audubon",Louisiana,LA,MISO,MISO,MTEP23, ,15,Estimated,https://www.misoenergy.org/planning/transmission-planning/mtep/#t=10&p=0&s=&sd=, 
R-0567,P-0496,Wilmington Northeast Reliability Project, ,Duke Energy,Construction,2025/2/10,"New circuit, greenfield", ,230,230, ,0,2023, , , , , , ,Porter's Neck,NA - ties in to existing line,Porter's Neck,North Carolina,NC,None (Southeast), , , ,4.6,Reported,"https://www.duke-energy.com/our-company/about-us/electric-transmission-projects/wilmington-ne-project#:~:text=This%20station%20will%20house%20new,transmission%20line%20will%20be%20constructed.", 
R-0568,P-0497,Wilton - Dumont 765 kV Sag Mitigation, ,Commonwealth Edison,Planning,2025/1/1,Upgrade, ,765,765, ,0, , , , , , , ,Wilton,Dumont,"Wilton, Dumont","Illinois, Indiana","IL, IN","PJM, MISO",PJM, , ,90,Estimated,https://www.pjm.com/planning/m/project-construction, 
R-0569,P-0498,Wise - Bayou Labutte, ,Entergy LA, ,,"New circuit, greenfield", ,230,230, ,0,2025, , , , , , ,Wise,Bayou LaButte,"Wise, Bayou LaButte",Louisiana,LA,MISO,MISO,MTEP23, ,0.8,Estimated,https://www.misoenergy.org/planning/transmission-planning/mtep/#t=10&p=0&s=&sd=, 
R-0570,P-0499,Wishek - Merricourt, ,Montana-Dakota Utilities Company, ,,"New circuit, greenfield", ,230,230, ,0,2025, , , , , , ,Wishek,Merricourt,"Wishek, Merricourt",North Dakota,ND,"MISO, SPP",MISO,MTEP23, ,41,Estimated,https://www.misoenergy.org/planning/transmission-planning/mtep/#t=10&p=0&s=&sd=, 
R-0571,P-0500,Wishek - Napoleon, ,Montana-Dakota Utilities Company, ,,"New circuit, greenfield", ,230,230, ,0,2025, , , , , , ,Wishek,Napoleon,"Wishek, Napoleon",North Dakota,ND,"MISO, SPP",MISO,MTEP23, ,19,Estimated,https://www.misoenergy.org/planning/transmission-planning/mtep/#t=10&p=0&s=&, 
R-0572,P-0501,Woodbridge - Occoquan Reconductor, ,Dominion Energy,Complete,2025/2/6,Reconductor, ,230,230, ,0,2022, , , , , , ,Woodbridge,Occoquan,"Woodbridge, Occoquan",Virginia,VA,PJM, , , ,4.6,Reported,https://www.dominionenergy.com/projects-and-facilities/electric-projects/power-line-projects/woodbridge-occoquan, 
R-0573,P-0502,Woodside - Goose Creek 500 kV Line,Greenfield,APS,"Engineering, design, and routing",2025/1/1,"New circuit, greenfield", ,500,500, ,0,2031,Not started,Not started,2026/3/17,Not started,Not started, ,NA - line continuation,Goose Creek (VA),Goose Creek,"Maryland, Virginia","MD, VA",PJM,PJM, , ,15,Estimated,https://www.pjm.com/planning/m/project-construction, 
R-0574,P-0502,Woodside - Goose Creek 500 kV Line,Existing ROW,APS,"Engineering, design, and routing",2025/1/1,"New circuit, existing ROW", ,500,500, ,0,2031,Not started,Not started,2025/12/10,Not started,Not started, ,Woodside,NA - line continuation,Woodside,"Maryland, Virginia, West Virginia","MD, VA, WV",PJM,PJM, , ,31,Estimated,https://www.pjm.com/planning/m/project-construction, 
R-0575,P-0503,Wyoming Intertie, ,Grid United,Planning,2025/11/25,"New circuit, greenfield",Aboveground,500,500,DC,3000,2030,Not started,Not started,2026/3/17,Not started,Not started, ,Aeolus,Laramie River,"Aeolus, Laramie River",Wyoming,WY,None,Merchant, , ,102,Estimated,https://wyomingintertie.com/, 
R-0576,P-0504,Yadkin - Fentress Rebuild, ,Dominion Energy,Construction,2026/6/23,Rebuild, ,500,500, ,0,2026, , , , , , ,Yadkin,Fentress,"Yadkin, Fentress",Virginia,VA,PJM, , , ,14,Estimated,https://www.dominionenergy.com/projects-and-facilities/electric-projects/power-line-projects/yadkin-fentress, 
R-0577,P-0505,East 13th Steet - Brooklyn Clean Energy Hub 345 kV, ,Con Edison,Planning,2025/10/14,"New circuit, greenfield", ,345,345, ,0,2028,Not started,"CPCN, siting and permitting final decision",2026/3/17,Not started,Permitting Complete, ,Rainey,Brooklyn Clean Energy Hub,"Rainey, East 13th Street, Farragut, Brooklyn Clean Energy Hub",New York,NY,NYISO,NYISO, , ,1.6,Estimated,https://www.nyiso.com/planning-reliability-compliance, 
R-0578,P-0506,Rainey - Brooklyn Clean Energy Hub 345 kV, ,Con Edison,Planning,2025/10/14,"New circuit, greenfield", ,345,345, ,0,2028,Not started,"CPCN, siting and permitting final decision",2026/3/17,Not started,Permitting Complete, ,Rainey,Brooklyn Clean Energy Hub,"Rainey, East 13th Street, Farragut, Brooklyn Clean Energy Hub",New York,NY,NYISO,NYISO, , ,4.5,Estimated,https://www.nyiso.com/planning-reliability-compliance, 
R-0579,P-0507,Cricket Valley - Dover 345 kV, ,New York Transco,Complete,2025/10/14,"New circuit, greenfield", ,345,345, ,0,2025,Not started,"CPCN, siting and permitting final decision",2026/3/17,Not started,Permitting Complete, ,Cricket Valley,Dover,"Cricket Valley, Dover",New York,NY,NYISO,NYISO, , ,0.2,Estimated,https://www.nyiso.com/planning-reliability-compliance, 
R-0580,P-0508,Buffalo Flats - Delaware 345 kV, ,"AEP, EKC","Engineering, design, and routing",2026/6/23,"New circuit, greenfield", ,345,345, ,0,2029,Not started,"CPCN, siting and permitting underway, completed in one state",2026/3/17,Not started,Partially Complete, ,Delaware,Buffalo Flats,"Delaware, Buffalo Flats","Kansas, Oklahoma","KS, OK",SPP,SPP,2024 ITP, ,154.6,Reported,https://www.spp.org/spp-documents-filings/?id=18641, 
R-0581,P-0509,Chisholm - Woodward - Border 345 kV, ,AEP,Planning,2026/6/23,"New circuit, greenfield", ,345,345, ,0, ,Not started,Not started,2026/3/17,Not started,Not started, ,Chisholm, ,Chisholm,Oklahoma,OK,SPP,SPP,2020 ITP, ,0.84,Reported,https://www.spp.org/spp-documents-filings/?id=18641, 
R-0582,P-0510,Dawson County  - Williston 230 kV, ,Western Area Power Administration (WAPA),"Engineering, design, and routing",2026/6/23,"New circuit, greenfield", ,230,230, ,0,2032, , , , , , ,Williston,Dawson Creek,"Williston, Dawson Creek","Montana, North Dakota","MT, ND","MISO, SPP",SPP,2024 ITP, ,103.7,Reported,https://www.spp.org/spp-documents-filings/?id=18641, 
R-0583,P-0511,Logan - Finstad 345 kV, ,Basin Electric Power Cooperative,"Engineering, design, and routing",2026/6/23,"New circuit, greenfield", ,345,345, ,0,2032,Not started,Not started,2026/3/17,Not started,Not started, ,Logan,Finstad,"Logan, Finstad",North Dakota,ND,"MISO, SPP",SPP,2024 ITP, ,53,Reported,https://www.spp.org/spp-documents-filings/?id=18641, 
R-0584,P-0512,Holcomb - Sidney 345 kV, ,"Basin Electric Power Cooperative, Southeast Power Coporation","Engineering, design, and routing",2026/6/23,"New circuit, greenfield", ,345,345, ,0,2031,Not started,Not started,2026/3/17,Not started,Not started, ,Holcomb,Sidney,"Holcomb, Sidney","Kansas, Nebraska, Colorado","KS, NE, CO",SPP,SPP,2024 ITP, ,300,Reported,https://www.spp.org/spp-documents-filings/?id=18641,https://www.sunflower.net/interconnection-guidelines/holcomb-sidney
R-0585,P-0513,Patent Gate - Pioneer 345 kV, ,Basin Electric Power Cooperative (BEPC),"Engineering, design, and routing",2026/6/23,"New circuit, greenfield", ,345,345, ,0,2030,Not started,Not started,2026/3/17,Not started,Not started, ,Patent Gate,Pioneer,"Patent Gate, Pioneer",North Dakota,ND,"MISO, SPP",SPP,2024 ITP, ,50,Reported,https://www.spp.org/spp-documents-filings/?id=18641, 
R-0586,P-0514,Belfield - Maurine 345 kV, ,Western Area Power Administration (WAPA),"Engineering, design, and routing",2026/6/23,"New circuit, greenfield", ,345,345, ,0,2034,Not started,Not started,2026/3/17,Not started,Not started, ,Belfield,Maurine,"Belfield, Maurine","North Dakota, South Dakota","ND, SD","MISO, SPP",SPP,2024 ITP, ,154.2,Reported,https://www.spp.org/spp-documents-filings/?id=18641, 
R-0587,P-0515,Laramie River - New Underwood 345 kV,Laramie River - New Underwood,Basin Electric Power Cooperative (BEPC),"Engineering, design, and routing",2026/6/23,"New circuit, greenfield", ,345,345, ,0,2034,Not started,Not started,2026/3/17,Not started,Not started, ,Laramie River,New Underwood,"Laramie River, New Underwood","South Dakota, Wyoming","SD, WY",SPP,SPP,2024 ITP, ,161.4,Reported,https://www.spp.org/spp-documents-filings/?id=18641, 
R-0588,P-0515,Laramie River - New Underwood 345 kV,New Underwood - Maurine,Western Area Power Administration (WAPA),"Engineering, design, and routing",2026/6/23,"New circuit, greenfield", ,345,345, ,0,2034,Not started,Not started,2025/11/14,Not started,Not started, ,New Underwood,Maurine,"New Underwood, Maurine",South Dakota,SD,SPP,SPP,2024 ITP, ,78,Reported,https://www.spp.org/spp-documents-filings/?id=18641, 
R-0589,P-0516,S3458 - S3740 345 kV, ,Omaha Public Power District,Planning,2025/7/10,"New circuit, greenfield", ,345,345, ,0,2030,Not started,Not started,2026/3/17,Not started,Not started, ,Nebraska City,Cass County,"Nebraska City, Cass County",Nebraska,NE,SPP,SPP,2024 ITP, ,33,Reported,https://www.spp.org/spp-documents-filings/?id=18641, 
R-0590,P-0517,Potter - Crossroads - Phantom 765 kV, ,Southwestern Public Service,"Engineering, design, and routing",2026/6/23,"New circuit, greenfield", ,765,765, ,0,2031,Not started,Not started,2026/3/17,Not started,Not started, ,Potter,Phantom,"Potter, Crossroads, Phantom","New Mexico, Texas","NM, TX",SPP,SPP,2024 ITP, ,244.2,Reported,https://www.spp.org/spp-documents-filings/?id=18641,https://xcelenergytransmission.com/projects/potter-crossroads-phantom/
R-0591,P-0518,Moore County - Xit 230 kV, ,Southwestern Public Service,"Engineering, design, and routing",2026/6/22,"New circuit, greenfield", ,230,230, ,0,2028, , , , , , ,Moore County,Xit,"Moore County, Xit",Texas,Tx,SPP,SPP,2024 ITP, ,46.2,Reported,https://www.spp.org/spp-documents-filings/?id=18641, 
R-0592,P-0519,Elm Creek - Tobias 345 kV, ,Nebraska Public Power District,"Engineering, design, and routing",2026/6/22,"New circuit, greenfield", ,345,345, ,0,2028,Not started,Not started,2026/3/17,Not started,Not started, ,Elm Creek,Tobias,"Elm Creek, Tobias","Nebraska, Kansas","NE, KS",SPP,SPP,2024 ITP, ,84,Reported,https://www.spp.org/spp-documents-filings/?id=18641, 
R-0593,P-0520,Howard-Solstice Transmission Line Project, ,AEP,Planning,2025/10/28,"New circuit, greenfield", ,765,765, ,0,2030,Not started,"CPCN, siting and permitting underway",2026/3/17,Not started,Permitting Underway, ,Howard,Solstice,"Howard, Solstice",Texas,TX,ERCOT,ERCOT, , ,370,Reported,https://www.ercot.com/files/docs/2025/01/27/2024-regional-transmission-plan-rtp-345-kv-plan-and-texas-765-kv-strategic-transmission-expans.pdf,"https://www.aeptexas.com/company/news/view?releaseID=10162#:~:text=The%20Howard%2DSolstice%20Transmission%20Line,in%20communities%20throughout%20west%20Texas"
R-0594,P-0521,Ft Smith - Muskogee 345 kV, ,OGE,"Engineering, design, and routing",2026/6/22,"New circuit, greenfield", ,345,345, ,0,2028,Not started,Not started,2026/3/17,Not started,Not started, ,Fort Smith, ,Fort Smith,Oklahoma,OK,"SPP, MISO",SPP,2024 ITP, ,17.5,Reported,https://www.spp.org/spp-documents-filings/?id=18641, 
R-0595,P-0522,S3454 - S3740 345 kV, ,Omaha Public Power District,Construction,2026/6/22,"New circuit, greenfield", ,345,345, ,0,2026,Not started,Not started,2026/3/17,Not started,Not started, ,S3454,Cass County,"S3454, Cass County",Nebraska,NE,SPP,SPP,2021 ITP, ,29,Reported,https://www.spp.org/spp-documents-filings/?id=18641, 
R-0596,P-0523,Springbrook - Twelve Mile 345 kV, ,Basin Electric Power Cooperative (BEPC),"Engineering, design, and routing",2026/6/22,"New circuit, greenfield", ,345,345, ,0,2032,Not started,Not started,2026/3/17,Not started,Not started, ,Springbrook,Twelve Mile,"Springbrook, Twelve Mile",North Dakota,ND,"SPP, MISO",SPP,2024 ITP, ,8.4,Reported,https://www.spp.org/spp-documents-filings/?id=18641, 
R-0597,P-0524,Branson NW - Monett 345 kV, ,EDE,"Engineering, design, and routing",2026/6/22,"New circuit, greenfield", ,345,345, ,0,2028,Not started,Not started,2026/3/17,Not started,Not started, ,Branson NW,Monett,"Branson NW, Monett",Missouri,MO,SPP,SPP,2024 ITP, ,50.4,Reported,https://www.spp.org/spp-documents-filings/?id=18641, 
R-0598,P-0525,Delaware - Monett 345 kV, ,"AEP, EDE","Engineering, design, and routing",2026/6/22,"New circuit, greenfield", ,345,345, ,0,2029,Not started,Not started,2026/3/17,Not started,Not started, ,Delaware,Monett,"Delaware, Monett","Missouri, Oklahoma","MO, OK",SPP,SPP,2024 ITP, ,114.5,Reported,https://www.spp.org/spp-documents-filings/?id=18641, 
R-0599,P-0526,Reconductor Midlothian - Trabue 230 kV, ,Dominion Energy,"Engineering, design, and routing",2025/8/18,Reconductor, ,230,230, ,0,2026, , , , , , ,Midlothian,Trabue,"Midlothian, Trabue",Virginia,VA,PJM,PJM, , ,7.2,Estimated,https://www.pjm.com/planning/m/project-construction, 
R-0600,P-0527,Rebuild Doubs-Dickerson 230 kV, ,APS,"Engineering, design, and routing",2025/8/18,Rebuild, ,230,230, ,0,2030, , , , , , ,Doubs,Dickerson,"Doubs, Dickerson",Maryland,MD,PJM,PJM, , ,10.5,Estimated,https://www.pjm.com/planning/m/project-construction, 
R-0601,P-0528,Rebuild Doubs - Aqueduct 230 kV, ,APS,"Engineering, design, and routing",2025/8/18,Rebuild, ,230,230, ,0,2030, , , , , , ,Doubs,Aqueduct,"Doubs, Aqueduct",Maryland,MD,PJM,PJM, , ,8.7,Estimated,https://www.pjm.com/planning/m/project-construction, 
R-0602,P-0529,Rebuild Dickerson - Aqueduct 230 kV, ,APS,"Engineering, design, and routing",2025/8/18,Rebuild, ,230,230, ,0,2030, , , , , , ,Dickerson,Aqueduct,"Dickerson, Aqueduct",Maryland,MD,PJM,PJM, , ,2,Estimated,https://www.pjm.com/planning/m/project-construction, 
R-0603,P-0530,Rebuild Hyatt - Marysville 345 kV, ,AEP,"Engineering, design, and routing",2025/8/18,Rebuild, ,345,345, ,0,2027, , , , , , ,Hyatt,Marysville,"Hyatt, Marysville",Ohio,OH,PJM,PJM, , ,19,Reported,https://www.pjm.com/planning/m/project-construction, 
R-0604,P-0531,Conesville - Corridor 345 kV, ,AEP,Construction,2025/8/20,Rebuild, ,345,345, ,0,2025, , , , , , ,Conesville,Corridor,"Conesville, Corridor",Ohio,OH,PJM,PJM, , ,70.4,Estimated,https://www.pjm.com/planning/m/project-construction, 
R-0605,P-0532,Montour - Susquehanna 230 kV, ,PPL Electric Utilities,"Engineering, design, and routing",2025/8/20,Rebuild, ,230,230, ,0,2029, , , , , , ,Montour Station,Susquehanna,"Montour Station, Susquehanna",Pennsylvania,PA,PJM,PJM, , ,21.9,Reported,https://www.pjm.com/planning/m/project-construction, 
R-0606,P-0533,Siegfried - Harwood 230 kV, ,PPL Electric Utilities,Construction,2026/6/22,Rebuild; Reconductor, ,230,230, ,0,2026, , , , , , ,Siegfried,Harwood,"Siegfried, East Palmerton, Harwood",Pennsylvania,PA,PJM,PJM, , ,38,Reported,https://www.pjm.com/planning/m/project-construction, 
R-0607,P-0534,Frackville-Columbia 230 kV, ,PPL Electric Utilities,"Engineering, design, and routing",2025/8/21,Rebuild, ,230,230, ,0,2029, , , , , , ,Frackville,Columbia,"Frackville, Columbia",Pennsylvania,PA,PJM,PJM, , ,25.9,Reported,https://www.pjm.com/planning/m/project-construction, 
R-0608,P-0535,Sully - Takeoff 230 kV, ,Dominion Energy,Construction,2025/8/21,Reconductor, ,230,230, ,0,2027, , , , , , ,Walney,Takeoff,"Walney, Takeoff",Virginia,VA,PJM,PJM, , ,2.9,Estimated,https://www.pjm.com/planning/m/project-construction, 
R-0609,P-0536,Rollins Ford - Gainesville 230 kV, ,Dominion Energy,"Engineering, design, and routing",2025/8/22,Reconductor, ,230,230, ,0,2025, , , , , , ,Rollins Ford,Gainesville,"Rollins Ford, Gainesville",Virginia,VA,PJM,PJM, , ,1.11,Reported,https://www.pjm.com/planning/m/project-construction,https://www.pjm.com/-/media/DotCom/committees-groups/committees/teac/2025/20250506/20250506-item-09---dom-supplemental-projects.pdf
R-0610,P-0537,Charlottesville - Gordonsville 230 kV, ,Dominion Energy, ,2025/8/25,Rebuild, ,230,230, ,0, , , , , , , ,Charlottesville,Gordonsville,"Charlottesville, Gordonsville",Virginia,VA,PJM, , , ,20.3,Estimated,https://www.dominionenergy.com/about/delivering-energy/electric-projects/power-line-projects/charlottesville-gordonsville, 
R-0611,P-0538,DeLand West - Dona Vista 230 kV, ,Duke Energy,Permitting,2025/8/25,"New circuit, existing ROW", ,230,230, ,0,2029, , , , , , ,Deland West,Dona Vista,"DeLand West, Dona Vista",Florida,FL,None (Southeast), , , ,27,Reported,https://www.duke-energy.com/Our-Company/About-Us/Electric-Transmission-Projects/deland,https://www.duke-energy.com/-/media/pdfs/our-company/250226-3-deland-west-project-map.pdf?rev=bdc88f047870482bba5649a29530639e
R-0612,P-0539,Clark County Reliability Project 345 kV, ,Duke Energy,"Engineering, design, and routing",2025/8/25,"New circuit, greenfield", ,345,345, ,0,2028,Not started,Not started,2026/3/17,Not started,Not started, ,Speed,Clark County Logistics,"Speed, Clark County Logistics",Indiana,IN,MISO, , , ,18,Reported,https://www.duke-energy.com/Our-Company/About-Us/Electric-Transmission-Projects/Clark-County-Reliability-Project,https://www.duke-energy.com/-/media/pdfs/our-company/251347-clark-county-project-map.pdf?rev=f68c0ab80f094b628e69248d90765752
R-0613,P-0540,New Stillwell to Elderberry 345kV Line, ,"WABASH VALLEY POWER ASSOCIATION, INC.","Engineering, design, and routing",2026/6/22,"New circuit, greenfield", ,345,345, ,0,2028,Not started,Not started,2026/3/17,Not started,Not started, ,Elderberry,Stillwell,"Elderberry, Stillwell",Indiana,IN,MISO,MISO,MTEP25, ,15,Reported,https://cdn.misoenergy.org/2025%20SPM1%20MTEP25%20Data%20Pull677826.xlsx, 
R-0614,P-0541,Sarepta to Mount Olive 500 kV Project, ,Entergy LA, ,2025/9/9,"New circuit, greenfield", ,500,500, ,0,2028,Not started,Not started,2026/3/17,Not started,Not started, ,Sarepta,Mount Olive,"Sarepta, Mount Olive",Louisiana,LA,MISO,MISO,MTEP25, ,60,Reported,https://cdn.misoenergy.org/2025%20SPM1%20MTEP25%20Data%20Pull677826.xlsx, 
R-0615,P-0542,Cypress to Legend 500 kV line, ,Entergy,Permitting,2026/6/11,"New circuit, greenfield", ,500,500, ,0,2028,Not started,"CPCN, siting and permitting final decision",2026/3/17,Not started,Permitting Complete, ,Cypress,Legend,"Cypress, Legend",Texas,TX,MISO,MISO,MTEP24, ,35,Reported,https://cdn.misoenergy.org/2025%20SPM1%20MTEP25%20Data%20Pull677826.xlsx, 
R-0616,P-0543,Pickens - South Canton 230 kV Line Rebuilds, ,Entergy MS, ,2025/9/10,Reconductor, ,230,230, ,0,2026, , , , , , ,Pickens,Canton,"Pickens, Canton",Mississippi,MS,MISO,MISO,MTEP24, ,27,Estimated,https://cdn.misoenergy.org/2025%20SPM1%20MTEP25%20Data%20Pull677826.xlsx, 
R-0617,P-0544,Labadie-Montgomery 345kV Aging Infrastructure, ,Ameren Missouri,"Engineering, design, and routing",2026/6/22,Upgrade, ,345,345, ,0,2027,Not started,Not started,2026/3/17,Not started,Not started, ,Labadie,Montgomery,"Labadie, Montgomery",Missouri,MO,MISO,MISO,MTEP24, ,64,Estimated,https://cdn.misoenergy.org/2025%20SPM1%20MTEP25%20Data%20Pull677826.xlsx, 
R-0618,P-0545,J1432 GIA NU New Bryant 345 kV Switch Station, ,ITC MIDWEST,Planning,2026/6/22,"New circuit, greenfield", ,345,345, ,0,2028,Not started,Not started,2026/3/17,Not started,Not started, ,Rock Creek,Salem,"Rock Creek, Salem",Iowa,IA,MISO,MISO,MTEP24, ,62,Estimated,https://cdn.misoenergy.org/2025%20SPM1%20MTEP25%20Data%20Pull677826.xlsx, 
R-0619,P-0546,Willow Glen - Point Pleasant 230 kV Upgrade, ,Entergy LA,"Engineering, design, and routing",2026/6/22,Reconductor, ,230,230, ,0,2026, , , , , , ,Willow Glen,Point Pleasant,"Willow Glen, Point Pleasant",Louisiana,LA,MISO,MISO,MTEP25, ,5,Estimated,https://cdn.misoenergy.org/2025%20SPM1%20MTEP25%20Data%20Pull677826.xlsx, 
R-0620,P-0547,New Firebrick Wind Farm (J1026), ,Ameren Missouri,Complete,2026/4/2, , ,345,345, ,0,2025,Not started,Not started,2026/3/17,Not started,Not started, ,Spencer Creek,Firebrick Wind Farm,"Spencer Creek, Firebrick Wind Farm",Missouri,MO,MISO,MISO,MTEP23, ,8,Estimated,https://cdn.misoenergy.org/2025%20SPM1%20MTEP25%20Data%20Pull677826.xlsx, 
R-0621,P-0548,Legend - Sandling 230 kV, ,Entergy,Planning,2026/6/22,"New circuit, greenfield", ,230,230, ,0,2028, , , , , , ,Legend,Sandling,"Legend, Sandling",Texas,TX,MISO,MISO,MTEP24, ,7.6,Reported,https://cdn.misoenergy.org/2025%20SPM1%20MTEP25%20Data%20Pull677826.xlsx, 
R-0622,P-0549,Rolling Hills - Southland 345 kV, ,MidAmerican Energy Company, ,2025/9/19,Upgrade, ,345,345, ,0,2026,Not started,Not started,2026/3/17,Not started,Not started, ,Rolling Hills,Southland,"Rolling Hills, Southland",Iowa,IA,"MISO, SPP",MISO,MTEP23, ,72,Estimated,https://cdn.misoenergy.org/2025%20SPM1%20MTEP25%20Data%20Pull677826.xlsx, 
R-0623,P-0550,Adams Creek - Robert 230 kV, ,Entergy LA, ,2025/9/19,"New circuit, greenfield", ,230,230, ,0,2027, , , , , , ,Adams Creek,Robert,"Adams Creek, Robert",Louisiana,LA,MISO,MISO,MTEP23, ,40,Reported,https://cdn.misoenergy.org/2025%20SPM1%20MTEP25%20Data%20Pull677826.xlsx, 
R-0624,P-0551,Tallmadge-Argenta - J1663 Generator Interconnection, ,Michigan Electric Transmission Company, ,2025/9/19,Upgrade, ,345,345, ,0,2027,Not started,Not started,2026/3/17,Not started,Not started, ,Argenta,Tallmadge,"Argenta, Tallmadge",Michigan,MI,MISO,MISO,MTEP24, ,63,Estimated,https://cdn.misoenergy.org/2025%20SPM1%20MTEP25%20Data%20Pull677826.xlsx, 
R-0625,P-0552,Julian Hinds - Mirage 230 kV, ,Southern California Edison, ,2025/9/22,Reconductor, ,230,230, ,0,2030, , , , , , ,Julian Hinds,Mirage,"Julian Hinds, Mirage",California,CA,CAISO,CAISO, , ,56,Estimated,https://www.caiso.com/documents/iso-board-approved-2024-2025-transmission-plan.pdf, 
R-0626,P-0553,San Jose B - NRS 230 kV line, ,Pacific Gas and Electric Company (PG&E), ,2026/3/6,"New circuit, greenfield", ,230,230, ,0,2030, , , , , , ,San Jose B,North Receiving Station,"San Jose B, North Receiving Station",California,CA,CAISO,CAISO, , ,10,Estimated,https://www.caiso.com/documents/iso-board-approved-2024-2025-transmission-plan.pdf, 
R-0627,P-0554,Ravenswood Project - Queensboro Renewable Express, ,LS Power,Planning,2025/10/14,"New circuit, greenfield", ,400,400, ,0, ,Not started,"CPCN, siting and permitting underway",2026/3/17,Not started,Permitting Underway, ,Ravenswood, ,Ravenswood,"New York, New Jersey","NY, NJ","NYISO, PJM",NYISO, , ,18.5,Reported,https://queensbororenewableexpress.com/, 
R-0628,P-0555,Big Hill - Sand Lake 765 kV Transmission Project, ,"LCRA Transmission Services Corporation, Oncor","Engineering, design, and routing",2026/6/11,"New circuit, greenfield", ,765,765, ,0,2030,Not started,"CPCN, siting and permitting underway",2026/3/17,Not started,Permitting Underway, ,Big Hill,Sand Lake,"Big Hill, Sand Lake",Texas,TX,ERCOT,ERCOT, , ,177,Reported,https://www.ercot.com/files/docs/2022/03/02/ERCOT%20February%20TPIT%20No%20Cost%20020125.xlsx,https://www.lcra.org/energy/electric-transmission/transmission-line-routing/big-hill-to-sand-lake-765-kv-transmission-project/
R-0629,P-0556,Bell County East to Big Hill 765 kV Transmission Project, ,"LCRA Transmission Services Corporation, Oncor","Engineering, design, and routing",2026/6/11,"New circuit, greenfield", ,765,765, ,0,2030,Not started,Not started,2026/3/17,Not started,Not started, ,Big Hill,Bell County,"Big Hill, Bell County",Texas,TX,ERCOT,ERCOT, , ,199,Reported,https://www.ercot.com/files/docs/2022/03/02/ERCOT%20February%20TPIT%20No%20Cost%20020125.xlsx,https://www.lcra.org/energy/electric-transmission/transmission-line-routing/bell-county-east-to-big-hill-765-kv-transmission-project/
R-0630,P-0557,Dinosaur - Longshore 765 kV Transmission Project, ,Oncor,"Engineering, design, and routing",2026/6/11,"New circuit, greenfield", ,765,765, ,0,2029,Not started,"CPCN, siting and permitting underway",2026/3/17,Not started,Permitting Underway, ,Dinosaur,Longshore,"Dinosaur, Longshore",Texas,TX,ERCOT,ERCOT, , ,270,Reported,https://www.ercot.com/files/docs/2022/03/02/ERCOT%20February%20TPIT%20No%20Cost%20020125.xlsx,https://www.oncor.com/content/oncorwww/us/en/home/about-us/transmission-systems/current-transmission-line-projects/dinosaur-to-longshore-765-kv-transmission-line-project.html
R-0631,P-0558,Longshore Switch - Drill Hole Switch 765 kV Transmission Project, ,Oncor,"Engineering, design, and routing",2026/6/11,"New circuit, greenfield", ,765,765, ,0,2028,Not started,"CPCN, siting and permitting underway",2026/3/17,Not started,Permitting Underway, ,Longshore,Drill Hole,"Longshore, Drill Hole",Texas,TX,"ERCOT, SPP",ERCOT, , ,160,Reported,https://www.ercot.com/files/docs/2022/03/02/ERCOT%20February%20TPIT%20No%20Cost%20020125.xlsx,https://www.oncor.com/content/oncorwww/us/en/home/about-us/transmission-systems/current-transmission-line-projects/longshore-switch---drill-hole-switch-765-kv-transmission-line-pr.html
R-0632,P-0559,Construct Clearfork - Drill Hole 345 kV DCKT Line, ,Oncor,Planning,2026/6/22,"New circuit, greenfield", ,345,345, ,0,2028,Not started,Not started,2026/3/17,Not started,Not started, ,Clearfork,Drill Hole,"Clearfork, Drill Hole",Texas,TX,"ERCOT, SPP",ERCOT, , ,196.8,Reported,https://www.ercot.com/files/docs/2022/03/02/ERCOT%20February%20TPIT%20No%20Cost%20020125.xlsx, 
R-0633,P-0560,Creosote - Toyah Creek 345 kV Line, ,AEP Texas,Planning,2026/6/22,"New circuit, greenfield", ,345,345, ,0,2029,Not started,Not started,2026/3/17,Not started,Not started, ,Cresosote,Toyah Creek,"Creosote, Toyah Creek",Texas,TX,None,ERCOT, , ,23,Reported,https://www.ercot.com/files/docs/2022/03/02/ERCOT%20February%20TPIT%20No%20Cost%20020125.xlsx, 
R-0634,P-0561,Solstice - Bottlebrush New 345 kV Line, ,AEP Texas,"Engineering, design, and routing",2026/6/11,"New circuit, greenfield", ,345,345, ,0,2030,Not started,Not started,2026/3/17,Not started,Not started, ,Solstice,Bottlebrush,"Solstice, Bottlebrush",Texas,TX,ERCOT,ERCOT, , ,60,Reported,https://www.ercot.com/files/docs/2022/03/02/ERCOT%20February%20TPIT%20No%20Cost%20020125.xlsx,https://www.aeptransmission.com/texas/bottlebrush-solstice/index.php
R-0635,P-0562,Solstice - Faulkner New 345 kV Line, ,AEP Texas,"Engineering, design, and routing",2026/6/11,"New circuit, greenfield", ,345,345, ,0,2029,Not started,Not started,2026/3/17,Not started,Not started, ,Solstice,Faulkner,"Solstice, Faulkner",Texas,TX,ERCOT,ERCOT, , ,40,Reported,https://www.ercot.com/files/docs/2022/03/02/ERCOT%20February%20TPIT%20No%20Cost%20020125.xlsx,https://www.faulkner-solstice.com/
R-0636,P-0563,Reconductor Tewksbury - Woburn 345 kV, ,"Eversource Energy, National Grid",Planning,2025/11/18,Reconductor, ,345,345, ,0,2026, , , , , , ,Tewksbury No. 22A,Woburn,"Tewksbury No. 22A, Woburn",Massachusetts,MA,ISO-NE,ISO-NE, , ,17.5,Estimated,https://www.iso-ne.com/static-assets/documents/100022/final_rsp_project_list-mar2025.xlsx, 
R-0637,P-0564,Reconductor Scovill Rock - Haddam Neck, ,Eversource,Construction,2025/11/20,Reconductor, ,345,345, ,0,2025, , , , , , ,Scovill Rock,Haddam Neck,"Scovill Rock, Haddam Neck",Connecticut,CT,ISO-NE,ISO-NE, , ,5.21,Reported,https://www.iso-ne.com/static-assets/documents/100022/final_rsp_project_list-mar2025.xlsx, 
R-0638,P-0565,East Walton - Rockville 500 kV, ,Georgia Transmission,"Engineering, design, and routing",2025/11/21,"New circuit, greenfield", ,500,500, ,0,2027,Permitting Complete,Not started,2026/3/17,Complete,Not started, ,East Walton,Rockville,"East Walton, Rockville",Georgia,GA,None (Southeast), , , ,46.5,Reported,https://www.gatransmission.com/ecrp/, 
R-0639,P-0566,Ashley Park - Wansley 500 kV, ,Georgia Power,Planning,2025/11/21,"New circuit, existing ROW", ,500,500, ,0,2029,Not started,Not started,2026/3/17,Not started,Not started, ,Ashley Park,Wansley,"Ashley Park, Wansley",Georgia,GA,None (Southeast), , , ,35,Reported,https://services.psc.ga.gov/api/v1/External/Public/Get/Document/DownloadFile/220948/102128, 
R-0640,P-0567,Dresden - Talbot 500 kV, ,Georgia Transmission,"Engineering, design, and routing",2025/11/26,"New circuit, greenfield", ,500,500, ,0,2031,Permitting Complete,Not started,2026/3/17,Complete,Not started, ,Dresden,Talbot,"Dresden, Talbot",Georgia,GA,None (Southeast), , , ,75,Reported,https://www.southeasternrtp.com/docs/general/2024/2024_SERTP_4th_Qtr_Presentation.pdf,https://www.gatransmission.com/dresden-talbot/
R-0641,P-0568,Tenaska - Wansley 500 kV, ,Georgia Transmission,Planning,2025/11/26,"New circuit, existing ROW", ,500,500, ,0,2029,Not started,Not started,2026/3/17,Not started,Not started, ,Tenaska,Wansley,"Tenaska, Wansley",Georgia,GA,None (Southeast), , , ,5,Reported,https://www.southeasternrtp.com/docs/general/2024/2024_SERTP_4th_Qtr_Presentation.pdf, 
R-0642,P-0569,Heard County - Tenaska 500 kV, ,Georgia Transmission,Construction,2025/11/26,"New circuit, existing ROW", ,500,500, ,0,2025,Not started,Not started,2026/3/17,Not started,Not started, ,Heard County,Tenaska,"Heard County, Tenaska",Georgia,GA,None (Southeast), , , ,0.8,Reported,https://www.southeasternrtp.com/docs/general/2024/2024_SERTP_4th_Qtr_Presentation.pdf, 
R-0643,P-0570,Farley - Tazewell 500 kV, ,Georgia Power,Planning,2025/11/26,"New circuit, greenfield", ,500,500, ,0,2030,Not started,Not started,2026/3/17,Not started,Not started, ,Farley,Tazewell,"Farley, Tazewell",Georgia,GA,None (Southeast), , , ,120,Reported,https://www.southeasternrtp.com/docs/general/2024/2024_SERTP_4th_Qtr_Presentation.pdf, 
R-0644,P-0571,Talbot - Tazewell 500 kV, ,Georgia Transmission,Planning,2025/11/26,"New circuit, existing ROW", ,500,500, ,0,2030,Not started,Not started,2026/3/17,Not started,Not started, ,Talbot,Tazewell,"Talbot, Tazewell",Georgia,GA,None (Southeast), , , ,20,Reported,https://www.southeasternrtp.com/docs/general/2024/2024_SERTP_4th_Qtr_Presentation.pdf, 
R-0645,P-0572,Rockville - Tiger Creek 500 kV, ,Georgia Transmission,Planning,2025/11/26,"New circuit, existing ROW", ,500,500, ,0,2030,Not started,Not started,2026/3/17,Not started,Not started, ,Rockville,Tiger Creek,"Rockville, Tiger Creek",Georgia,GA,None (Southeast), , , ,20,Reported,https://www.southeasternrtp.com/docs/general/2024/2024_SERTP_4th_Qtr_Presentation.pdf, 
R-0646,P-0573,Tiger Creek - Warthen 500 kV, ,Georgia Transmission,Planning,2025/11/26,"New circuit, greenfield", ,500,500, ,0,2030,Not started,Not started,2026/3/17,Not started,Not started, ,Tiger Creek,Warthen,"Tiger Creek, Warthen",Georgia,GA,None (Southeast), , , ,9,Reported,https://www.southeasternrtp.com/docs/general/2024/2024_SERTP_4th_Qtr_Presentation.pdf, 
R-0647,P-0574,Hatch - Wadley 500 kV, ,Georgia Power,Planning,2025/11/26,"New circuit, greenfield", ,500,500, ,0,2031,Not started,Not started,2026/3/17,Not started,Not started, ,Hatch,Wadley,"Hatch, Wadley",Georgia,GA,None (Southeast), , , ,65,Reported,https://www.georgiapower.com/content/dam/georgia-power/pdfs/company-pdfs/2025-Integrated-Resource-Plan.pdf, 
R-0648,P-0575,East Walton - Middle Fork 500 kV, ,Georgia Transmission,Planning,2025/11/26,"New circuit, greenfield", ,500,500, ,0,2033,Not started,Not started,2026/3/17,Not started,Not started, ,East Walton,Middle Fork,"East Walton, Middle Fork",Georgia,GA,None (Southeast), , , ,45,Reported,https://www.southeasternrtp.com/docs/general/2024/2024_SERTP_4th_Qtr_Presentation.pdf, 
R-0649,P-0576,Mcgrau Ford - Middle Fork 500 kV, ,Georgia Transmission,Planning,2025/11/26,"New circuit, greenfield", ,500,500, ,0,2033,Not started,Not started,2026/3/17,Not started,Not started, ,McGrau Ford,Middle Fork,"McGrau Ford, Middle Fork",Georgia,GA,None (Southeast), , , ,65,Reported,https://www.southeasternrtp.com/docs/general/2024/2024_SERTP_4th_Qtr_Presentation.pdf, 
R-0650,P-0577,Helix - Tompkins, ,Michigan Electric Transmission Company, ,2025/12/15,Reconductor, ,345,345, ,0,2026, , , , , , ,Helix,Tompkins,"Helix, Tompkins",Michigan,MI,MISO,MISO,MTEP24, ,15.7,Reported,https://cdn.misoenergy.org/MTEP%20Appendix%20A%20Status%20Report575959.xlsx, 
R-0651,P-0578,Battle Creek - Oneida, ,Michigan Electric Transmission Company, ,2025/12/15,Upgrade, ,345,345, ,0,2026,Not started,Not started,2026/3/17,Not started,Not started, ,Battle Creek,Oneida,"Battle Creek, Oneida",Michigan,MI,MISO,MISO,MTEP24, ,57,Estimated,https://cdn.misoenergy.org/MTEP%20Appendix%20A%20Status%20Report575959.xlsx, 
R-0652,P-0579,Murphy - Nelson Road 345 kV, ,Michigan Electric Transmission Company, ,2025/12/15,Upgrade, ,345,345, ,0,2026,Not started,Not started,2026/3/17,Not started,Not started, ,Murphy,Nelson Road,"Murphy, Nelson Road",Mighigan,MI,MISO,MISO,MTEP23, ,64,Estimated,https://cdn.misoenergy.org/MTEP%20Appendix%20A%20Status%20Report575959.xlsx, 
R-0653,P-0580,Hill Valley - Cardinal Upgrade, ,American Transmission Company (ATC), ,2025/12/15,Line Upgrade, ,345,345, ,0,2028, , , , , , ,Hill Valley,Cardinal,"Hill Valley, Cardinal",Wisconsin,WI,MISO,MISO,MTEP24, ,72,Estimated,https://cdn.misoenergy.org/MTEP%20Appendix%20A%20Status%20Report575959.xlsx, 
R-0654,P-0581,Elmont to Chickahominy 230 kV Line, ,Dominion Energy,"Engineering, design, and routing",2026/6/22, , ,230,230, ,0,2028, , , , , , ,Elmont,Chickahominy,"Elmont, Chickahominy",Virginia,VA,PJM,PJM, , ,27.7,Reported,https://www.pjm.com/planning/m/project-construction, 
R-0655,P-0582,Dowling - Fulton 345 kV Transmission Line Tap to Melbourne, ,American Transmission Systems (ATSI),"Engineering, design, and routing",2025/12/15,"New circuit, existing ROW", ,345,345, ,0,2026,Not started,"CPCN, siting and permitting final decision",2026/3/17,Not started,Permitting Complete, ,Fulton,Melbourne,"Fulton, Melbourne",Ohio,OH,PJM,PJM, , ,13,Estimated,https://www.pjm.com/planning/m/project-construction,https://www.firstenergycorp.com/about/transmission_projects/ohio/dowling-fulton.html
R-0656,P-0583,Greater Bay Area 500 kV Transmission Reinforcement, ,Pacific Gas and Electric Company (PG&E),Planning,2025/12/15,"New circuit, greenfield", ,500,500, ,0,2034,Not started,Not started,2026/3/17,Not started,Not started, ,Metcalf,Manning,"Metcalf, Manning",California,CA,CAISO,CAISO, , ,95,Estimated,https://www.caiso.com/documents/iso-board-approved-2024-2025-transmission-plan.pdf, 
R-0657,P-0584,Centreport 230 kV Electric Transmission Project, ,Dominion Energy,Permitting,2025/12/16,"New circuit, greenfield", ,230,230, ,0,2027, , , , , , ,Centreport, ,Centreport,Virginia,VA,PJM, , , ,1.8,Reported,https://www.dominionenergy.com/about/delivering-energy/electric-projects/power-line-projects/centreport, 
R-0658,P-0585,Midessa South SW - Consavvy - Longshore Switch - Morgan Creek SES 345 kV Line Upgrades, ,Oncor, ,2026/6/22,Upgrade, ,345,345, ,0,2027,Not started,Not started,2026/3/17,Not started,Not started, ,Midessa South SW,Morgan Creek,"Midessa South SW, Consavvy, Longshore Switch, Morgan Creek",Texas,TX,ERCOT,ERCOT, , ,100,Estimated,https://www.ercot.com/files/docs/2022/03/02/ERCOT%20February%20TPIT%20No%20Cost%20020125.xlsx, 
R-0659,P-0586,Kammer - Juniata 765 kV, ,"NextEra Energy, Exelon","Engineering, design, and routing",2026/2/12,"New circuit, greenfield", ,765,765, ,0, ,Not started,Not started,2026/3/17,Not started,Not started, ,Kammer,Juniata,"Kammer, Juniata","Pennsylvania, West Virginia","PA, WV",PJM,PJM, , ,282,Estimated,https://www.pjm.com/-/media/DotCom/committees-groups/committees/teac/2026/20260106/20260106-2025-rtep-window-1-reliability-analysis-report.pdf, 
R-0660,P-0587,Big Smarr - Tomochichi 500 kV, ,Georgia Transmission,Planning,2026/2/17,"New circuit, greenfield", ,500,500, ,0,2030,Not started,Not started,2026/3/17,Not started,Not started, ,Big Smarr,Tomochichi,Big Smarr. Tomochichi,Georgia,GA,None (Southeast), , , ,36,Reported,https://www.southeasternrtp.com/docs/general/2024/2024_SERTP_4th_Qtr_Presentation.pdf, 
R-0661,P-0588,Seminole - SW Shreveport 765 kV, ,"Oklahoma Gas and Electric Company, AEP",Planning,2026/2/27,"New circuit, greenfield", ,765,765, ,0,2030,Not started,Not started,2026/3/17,Not started,Not started, ,Seminole (OK),Southwest Shreveport,"Seminole (OK), Southwest Shreveport","Oklahoma, Texas, Louisiana","OK, TX, LA","SPP, MISO",SPP, , ,314.6,Reported,https://www.spp.org/media/2429/2025-itp-report-v10.pdf, 
R-0662,P-0589,Seminole - Anthem 765 kV, , ,Planning,2026/2/27,"New circuit, greenfield", ,765,765, ,0,2032,Not started,Not started,2026/3/17,Not started,Not started, ,Anthem,Seminole (OK),"Anthem, Seminole (OK)",Oklahoma,OK,SPP,SPP, , ,131.3,Reported,https://www.spp.org/media/2429/2025-itp-report-v10.pdf, 
R-0663,P-0590,Phantom - Crawfish Draw 765 kV, ,Southwestern Public Service,Planning,2026/2/27,"New circuit, greenfield", ,765,765, ,0,2030,Not started,Not started,2026/3/17,Not started,Not started, ,Phantom,Crawfish Draw,"Phantom, Crawfish Draw","New Mexico, Texas","NM, TX","SPP, ERCOT",SPP, , ,239.2,Reported,https://www.spp.org/media/2429/2025-itp-report-v10.pdf, 
R-0664,P-0591,Montana to Washington (M2W), ,Bonneville Power Administration,Planning,2026/3/3,Reconductor, ,500,500,AC,0, , , , , , , ,Dworshak,Taft,"Dworshak, Taft","Montana, Idaho","MT, ID",None (Non-RTO West),WestTEC,WestTEC 10 Yr Plan,Base Case,90,Reported,https://www.westernpowerpool.org/private-media/documents/WestTEC_10-year_Full_Report.pdf, 
R-0665,P-0592,Afton - Afton North 345 kV, ,El Paso Electric Company,Planning,2026/3/3,"New circuit, greenfield", ,345,345,AC,0, , , , , , , ,Afton,Afton North,"Afton, Afton North",New Mexico,NM,None (Non-RTO West),WestTEC,WestTEC 10 Yr Plan,Base Case,0.5,Reported,https://www.westernpowerpool.org/private-media/documents/WestTEC_10-year_Full_Report.pdf, 
R-0666,P-0593,Ault-Husky 230 kV Line Upgrade, ,Western Area Power Administration (WAPA),Construction,2026/3/3,Rebuild, ,230,230,AC,0, , , , , , , ,Ault,Husky,"Ault, Husky",Colorado,CO,None (Non-RTO West),WestTEC,WestTEC 10 Yr Plan,Base Case,4.6,Estimated,https://www.westernpowerpool.org/private-media/documents/WestTEC_10-year_Full_Report.pdf, 
R-0667,P-0594,Bolo Tie 345 kV, ,Public Service Company of New Mexico,Planning,2026/3/3,"New circuit, greenfield", ,345,345,AC,0, , , , , , , ,Pete Heinrich,Western Spirit,"Pete Heinrich, Western Spirit",New Mexico,NM,None (Non-RTO West),WestTEC,WestTEC 10 Yr Plan,Base Case,35,Reported,https://www.westernpowerpool.org/private-media/documents/WestTEC_10-year_Full_Report.pdf, 
R-0668,P-0595,Lantern – Comstock Meadows 345 kV line, ,NV Energy,Planning,2026/3/3,"New circuit, greenfield", ,345,345,AC,0, , , , , , , ,Lantern,Comstock Meadows,"Lantern, Comstock Meadows",Nevada,NV,None (Non-RTO West),WestTEC,WestTEC 10 Yr Plan,Base Case,33,Reported,https://www.westernpowerpool.org/private-media/documents/WestTEC_10-year_Full_Report.pdf, 
R-0669,P-0596,Pinal Central - ED5 Transmission Line, ,Western Area Power Administration (WAPA),Construction,2026/3/3,"New circuit, existing ROW", ,230,230,AC,0, , , , , , , ,Pinal Central,ED4,"Pinal Central, ED4",Arizona,AZ,None (Non-RTO West),WestTEC,WestTEC 10 Yr Plan,Base Case,9.7,Reported,https://www.westernpowerpool.org/private-media/documents/WestTEC_10-year_Full_Report.pdf, 
R-0670,P-0597,Rio Puerco-Prosperity 345 kV Line, ,Public Service Company of New Mexico,Planning,2026/3/3,"New circuit, existing ROW", ,345,345,AC,0, , , , , , , ,Rio Puerco,Prosperity,"Rio Puerco, Prosperity",New Mexico,NM,None (Non-RTO West),WestTEC,WestTEC 10 Yr Plan,Base Case,43,Estimated,https://www.westernpowerpool.org/private-media/documents/WestTEC_10-year_Full_Report.pdf, 
R-0671,P-0598,San Onofre to Viejo 230 kV, , ,Construction,2026/3/5,"New circuit, existing ROW", ,230,230,AC,0, , , , , , , ,San Onofre,Viejo,"San Onofre, Viejo",California,CA,CAISO,WestTEC,WestTEC 10 Yr Plan,Base Case,23,Reported,https://www.westernpowerpool.org/private-media/documents/WestTEC_10-year_Full_Report.pdf, 
R-0672,P-0599,Santiago to San Onofre 230 kV, , ,Construction,2026/3/5,"New circuit, existing ROW", ,230,230,AC,0, , , , , , , ,Santiago,San Onofre,"Santiago, San Onofre",California,CA,CAISO,WestTEC,WestTEC 10 Yr Plan,Base Case,28,Reported,https://www.westernpowerpool.org/private-media/documents/WestTEC_10-year_Full_Report.pdf, 
R-0673,P-0600,Cross-Cascades Project, ,Puget Sound Energy,Planning,2026/3/5,"New circuit, existing ROW", ,500,500,AC,0, , , , , , , ,White River,Longhorn,"White River, Schultz, Longhorn","Washington, Oregon","WA, OR",None (Non-RTO West),WestTEC,WestTEC 10 Yr Plan,Base Case,235,Reported,https://www.westernpowerpool.org/private-media/documents/WestTEC_10-year_Full_Report.pdf, 
R-0674,P-0601,Three Peaks - Purgatory Flat 345 kV line, ,PacifiCorp,Planning,2026/3/5,"New circuit, greenfield; New circuit, existing ROW", ,345,345,AC,0, , , , , , , ,Three Peaks,Purgatory Flat,"Three Peaks, Purgatory Flat",Utah,UT,None (Non-RTO West),WestTEC,WestTEC 10 Yr Plan,Base Case,55,Reported,https://www.westernpowerpool.org/private-media/documents/WestTEC_10-year_Full_Report.pdf, 
R-0675,P-0602,Western Spirit - Chavez County 345 kV Line, ,Public Service Company of New Mexico,Planning,2026/3/5,"New circuit, greenfield", ,345,345,AC,0, , , , , , , ,Western Spirit, ,Western Spirit,New Mexico,NM,None (Non-RTO West),WestTEC,WestTEC 10 Yr Plan,Base Case,136,Reported,https://www.westernpowerpool.org/private-media/documents/WestTEC_10-year_Full_Report.pdf, 
R-0676,P-0603,Western Spirit - Hidden Mountain 345 kV Line, ,Public Service Company of New Mexico,Planning,2026/3/5,"New circuit, greenfield", ,345,345,AC,0, , , , , , , ,Western Spirit,Hidden Mountain,"Western Spirit, Tom Wray, Hidden Mountain",New Mexico,NM,None (Non-RTO West),WestTEC,WestTEC 10 Yr Plan,Base Case,104,Reported,https://www.westernpowerpool.org/private-media/documents/WestTEC_10-year_Full_Report.pdf, 
R-0677,P-0604,Lower Columbia - Bonanza, ,Bonneville Power Administration,Planning,2026/3/6,"New circuit, greenfield", ,500,500, ,0,2035,Not started,Not started,2025/12/10,Not started,Not started, ,Not specified,Bonanza,Bonanza,Oregon,OR,None (Non-RTO West),Bonneville Power Administration, ,Evolving Grid Projects (EGP) 2.0,133,Estimated,https://www.bpa.gov/-/media/Aep/transmission/evolving-grid/EGP-20-Public-Workshop-17-Oct-2024.pdf,https://experience.arcgis.com/experience/06e44781378e48bab2cc352be7098c1c#data_s=id%3A7f85f964b05442dd960a15b001d0567d-19b13df1a73-layer-6%3A40
R-0678,P-0605,Grassland Annex to B2H 500 kV Line, ,PacifiCorp,Planning,2026/3/10,"New circuit, greenfield", ,500,500,AC,0, , , , , , , ,Grassland Switchyard,B2H Tap,"Grassland Switchyard, B2H Tap",Oregon,OR,None (Non-RTO West),WestTEC,WestTEC 10 Yr Plan,Base Case,8.9,Reported,https://www.westernpowerpool.org/private-media/documents/WestTEC_10-year_Full_Report.pdf, 
R-0679,P-0606,Lower Columbia to Bonanza II, ,Bonneville Power Administration,Planning,2026/3/10,"New circuit, existing ROW", ,500,500,AC,0, , , , , , , ,Bonanza,Longhorn,"Bonanza, Six Mile, Longhorn",Oregon,OR,None (Non-RTO West),Bonneville Power Administration, ,Evolving Grid Projects (EGP) 2.0,167,Reported,https://experience.arcgis.com/experience/06e44781378e48bab2cc352be7098c1c#data_s=id%3A7f85f964b05442dd960a15b001d0567d-19b13df1a73-layer-6%3A41, 
R-0680,P-0607,Six Mile to Ashe 500 kV Line, ,Bonneville Power Administration,Planning,2026/3/10,"New circuit, existing ROW", ,500,500,AC,0, , , , , , , ,Six Mile,Ashe,"Six Mile, Ashe","Oregon, Washington","OR, WA",None (Non-RTO West),WestTEC,WestTEC 10 Yr Plan,Base Case,58.5,Reported,https://www.westernpowerpool.org/private-media/documents/WestTEC_10-year_Full_Report.pdf, 
R-0681,P-0608,Rebuild Clines Corner - Guadalupe - Taiban Mesa, , ,Planning,2026/3/12,Rebuild, ,345,345, ,0, , , , , , , ,Clines Corner,Taiban Mesa,"Clines Corner, Guadalupe, Taiban Mesa",New Mexico,NM,None (Non-RTO West),WestTEC,WestTEC 10 Yr Plan,SRA,110,Reported,https://www.westernpowerpool.org/private-media/documents/WestTEC_10-year_Full_Report.pdf, 
R-0682,P-0609,Reconductor Amrad - Chavez 345 kV Line, , ,Planning,2026/3/12,Reconductor, ,345,345, ,0, , , , , , , ,Amrad,Chavez,"Amrad, Chavez",New Mexico,NM,None (Non-RTO West),WestTEC,WestTEC 10 Yr Plan,SRA,65,Reported,https://www.westernpowerpool.org/private-media/documents/WestTEC_10-year_Full_Report.pdf, 
R-0683,P-0610,Reconductor Otero - Picante 345 kV Line, , ,Planning,2026/3/12,Reconductor, ,345,345, ,0, , , , , , , ,Picante,Otero,"Picante, Otero","New Mexico, Texas","NM, TX",None (Non-RTO West),WestTEC,WestTEC 10 Yr Plan,SRA,15,Reported,https://www.westernpowerpool.org/private-media/documents/WestTEC_10-year_Full_Report.pdf, 
R-0684,P-0611,Mead - Liberty - West Wing 500 kV Line, , ,Planning,2026/3/12,"New circuit, existing ROW", ,500,500, ,0, , , , , , , ,Mead,West Wing,"Mead, Liberty, West Wing","Arizona, Nevada","AZ, NV",None (Non-RTO West),WestTEC,WestTEC 10 Yr Plan,SRA,273,Reported,https://www.westernpowerpool.org/private-media/documents/WestTEC_10-year_Full_Report.pdf, 
R-0685,P-0612,Mead - Market Place 500 kV Line, , ,Planning,2026/3/12,"New circuit, existing ROW", ,500,500, ,0, , , , , , , ,Mead,Marketplace,"Mead, Marketplace",Nevada,NV,None (Non-RTO West),WestTEC,WestTEC 10 Yr Plan,SRA,14,Reported,https://www.westernpowerpool.org/private-media/documents/WestTEC_10-year_Full_Report.pdf, 
R-0686,P-0613,San Juan to Four Corners 345 kV, , ,Planning,2026/3/12,"New circuit, existing ROW", ,345,345, ,0, , , , , , , ,San Juan,Four Corners,"San Juan, Four Corners",New Mexico,NM,None (Non-RTO West),WestTEC,WestTEC 10 Yr Plan,SRA,10,Reported,https://www.westernpowerpool.org/private-media/documents/WestTEC_10-year_Full_Report.pdf, 
R-0687,P-0614,San Juan to Rio Puerco 345 kV, , ,Planning,2026/3/12,"New circuit, existing ROW", ,345,345, ,0, , , , , , , ,San Juan,Rio Puerco,"San Juan, Rio Puerco",New Mexico,NM,None (Non-RTO West),WestTEC,WestTEC 10 Yr Plan,SRA,41,Reported,https://www.westernpowerpool.org/private-media/documents/WestTEC_10-year_Full_Report.pdf, 
R-0688,P-0615,Four Corners - Pintado 345 kV, , ,Planning,2026/3/13,"New circuit, existing ROW", ,345,345, ,0, , , , , , , ,Four Corners,Pintado,"Four Corners, Pintado",New Mexico,NM,None (Non-RTO West),WestTEC,WestTEC 10 Yr Plan,SRA,81,Reported,https://www.westernpowerpool.org/private-media/documents/WestTEC_10-year_Full_Report.pdf, 
R-0689,P-0616,Townsend - Midpoint 500 kV, , ,Planning,2026/3/13,"New circuit, existing ROW", ,500,500, ,0, , , , , , , ,Townsend,Midpoint,"Townsend, Midpoint","Montana, Idaho","MT, ID",None (Non-RTO West),WestTEC,WestTEC 10 Yr Plan,IDA,429,Reported,https://www.westernpowerpool.org/private-media/documents/WestTEC_10-year_Full_Report.pdf, 
R-0690,P-0617,Townsend - Ashe 500 kV, , ,Planning,2026/3/13,"New circuit, existing ROW", ,500,500, ,0, , , , , , , ,Ashe,Townsend,"Ashe, Townsend","Washington, Idaho, Montana","WA, ID, MT",None (Non-RTO West),WestTEC,WestTEC 10 Yr Plan,IDA,500,Reported,https://www.westernpowerpool.org/private-media/documents/WestTEC_10-year_Full_Report.pdf, 
R-0691,P-0618,Walker - Bonanza 500 kV, , ,Planning,2026/3/13,"New circuit, existing ROW", ,500,500, ,0, , , , , , , ,Bonanza,Walker,"Bonanza, Walker","Oregon, Nevada","OR, NV",None (Non-RTO West),WestTEC,WestTEC 10 Yr Plan,IDA,375,Reported,https://www.westernpowerpool.org/private-media/documents/WestTEC_10-year_Full_Report.pdf, 
R-0692,P-0619,Rebuild Hemingway - Summer Lake 500 kV, , ,Planning,2026/3/13,Rebuild, ,500,500, ,0, , , , , , , ,Summer Lake,Hemingway,"Summer Lake, Burns, Hemingway","Oregon, Idaho","OR, ID",None (Non-RTO West),WestTEC,WestTEC 10 Yr Plan,IDA,240,Reported,https://www.westernpowerpool.org/private-media/documents/WestTEC_10-year_Full_Report.pdf, 
R-0693,P-0620,Reconductor Diamond Tail - B - A 345 kV, , ,Planning,2026/3/13,Reconductor, ,345,345, ,0, , , , , , , ,B-A,Diamond Tail,"B-A, Diamond Tail",New Mexico,NM,None (Non-RTO West),WestTEC,WestTEC 10 Yr Plan,IDA,9,Reported,https://www.westernpowerpool.org/private-media/documents/WestTEC_10-year_Full_Report.pdf, 
R-0694,P-0621,Reconductor Rio Puerco - Pintado 345 kV, , ,Planning,2026/3/13,Reconductor, ,345,345, ,0, , , , , , , ,Pintado,Rio Puerco,"Pintado, Rio Puerco",New Mexico,NM,None (Non-RTO West),WestTEC,WestTEC 10 Yr Plan,IDA,59,Reported,https://www.westernpowerpool.org/private-media/documents/WestTEC_10-year_Full_Report.pdf, 
R-0695,P-0622,Reconductor Sams Valley - Whitestone 230 kV, , ,Planning,2026/3/13,Reconductor, ,230,230, ,0, , , , , , , ,Sams Valley,Whitestone,"Sams Valley, Whitestone",Oregon,OR,None (Non-RTO West),WestTEC,WestTEC 10 Yr Plan,IDA,2,Reported,https://www.westernpowerpool.org/private-media/documents/WestTEC_10-year_Full_Report.pdf, 
R-0696,P-0623,Reconductor Mead - Perkins 500kV line, , ,Planning,2026/3/13,Reconductor, ,500,500, ,0, , , , , , , ,Mead,Perkins,"Mead, Perkins","Arizona, Nevada","AZ, NV",None (Non-RTO West),WestTEC,WestTEC 10 Yr Plan,Congestion,242,Reported,https://www.westernpowerpool.org/private-media/documents/WestTEC_10-year_Full_Report.pdf, 
R-0697,P-0624,Reconductor Laramie River - Dave Johnston 230 kV, , ,Planning,2026/3/13,Reconductor, ,230,230, ,0, , , , , , , ,Laramie River,Dave Johnston,"Laramie River, Dave Johnston",Wyoming,WY,None (Non-RTO West),WestTEC,WestTEC 10 Yr Plan,Congestion,77,Reported,https://www.westernpowerpool.org/private-media/documents/WestTEC_10-year_Full_Report.pdf, 
R-0698,P-0625,Reconductor Archer to Ault 230 kV, , ,Planning,2026/3/13,Reconductor, ,230,230, ,0, , , , , , , ,Archer,Ault,"Archer, Ault","Wyoming, Colorado","WY, CO",None (Non-RTO West),WestTEC,WestTEC 10 Yr Plan,Congestion,42,Reported,https://www.westernpowerpool.org/private-media/documents/WestTEC_10-year_Full_Report.pdf, 
R-0699,P-0626,Reconductor Ault to Terry Ranch 230 kV, , ,Planning,2026/3/13,Reconductor, ,230,230, ,0, , , , , , , ,Ault,Terry Ranch,"Ault, Terry Ranch","Wyoming, Colorado","WY, CO",None (Non-RTO West),WestTEC,WestTEC 10 Yr Plan,Congestion,30,Reported,https://www.westernpowerpool.org/private-media/documents/WestTEC_10-year_Full_Report.pdf, 
R-0700,P-0627,Mayfield 230 kV Substation and Transmission Lines, ,Idaho Power,"Engineering, design, and routing",2026/3/16,"New circuit, greenfield", ,230,230, ,0, , , , , , , ,Pleasant Valley Solar,Mayfield,"Pleasant Valley Solar, Mayfield",Idaho,ID,None (Non-RTO West), , , ,8,Reported,https://www.idahopower.com/energy-environment/energy/planning-and-electrical-projects/current-projects/mayfield-substation-and-transmission-project/, 
R-0701,P-0628,Mayfield to Boise Bench 230 kV Line, ,Idaho Power,"Engineering, design, and routing",2026/3/16,"New circuit, greenfield", ,230,230, ,0, , , , , , , ,Mayfield,Boise Bench,"Mayfield, Boise Bench",Idaho,ID,None (Non-RTO West), , , ,20,Reported,https://docs.idahopower.com/pdfs/AboutUs/RegionalElectricalPlans/etvep/ETVEP_Report_Final.pdf, 
R-0702,P-0629,Mayfield to South Boise 230 kV Line, ,Idaho Power,"Engineering, design, and routing",2026/3/16,"New circuit, greenfield", ,230,230, ,0, , , , , , , ,Mayfield,South Boise,"Mayfield, South Boise",Idaho,ID,None (Non-RTO West), , , ,21,Reported,https://docs.idahopower.com/pdfs/AboutUs/RegionalElectricalPlans/etvep/ETVEP_Report_Final.pdf, 
R-0703,P-0630,Mayfield to Chip 230 kV Line, ,Idaho Power,"Engineering, design, and routing",2026/3/16,"New circuit, existing ROW; New circuit, greenfield", ,230,230, ,0, , , , , , , ,Mayfield,Chip,"Mayfield, Chip",Idaho,ID,None (Non-RTO West), , , ,16,Reported,https://docs.idahopower.com/pdfs/AboutUs/RegionalElectricalPlans/etvep/ETVEP_Report_Final.pdf, 
R-0704,P-0631,Colstrip - Broadview 500 kV Upgrade, , ,Planning,2026/3/16,Upgrade, ,500,500, ,0, , , , , , , ,Broadview,Colstrip,"Broadview, Colstrip",Montana,MT,None (Non-RTO West), , , ,112,Reported,https://www.westernpowerpool.org/private-media/documents/WestTEC_10-year_Full_Report.pdf, 
R-0705,P-0632,Crawfish Draw - Woodward 765 kV, ,"Southwestern Public Service, Oklahoma Gas and Electric Company",Planning,2026/3/19,"New circuit, greenfield", ,765,765, ,0,2032,Not started,Not started,2026/3/17,Not started,Not started, ,Crawfish Draw,Woodward,"Crawfish Draw, Woodward","Oklahoma, Texas","OK, TX","SPP, ERCOT",SPP, , ,263.9,Reported,https://www.spp.org/media/2429/2025-itp-report-v10.pdf, 
R-0706,P-0633,Babel - Webre 500 kV Line, ,Entergy LA,"Engineering, design, and routing",2026/4/2,"New circuit, greenfield", ,500,500, ,0,2029, , , , , , ,Babel,Webre,"Babel, Webre","Louisiana, Texas","LA, TX","MISO, SPP",MISO,MTEP25, ,150,Reported,https://power-viz.com/babel-webre/index.php, 
R-0707,P-0634,Fort Smith - Yell 500 kV, , ,Planning,2026/5/5,"New circuit, greenfield", ,500,500, ,0, , , , , , , ,Fort Smith,Yell,"Fort Smith, Yell",Arkansas,AR,"MISO, SPP","MISO, SPP","2024-25 Coordinated System
Plan Study Report",Core+,80,Reported,https://cdn.misoenergy.org/SPP-MISO%202024-25%20Coordinated%20System%20Plan%20(CSP)%20Draft%20Study%20Report744849.pdf?_t_id=yc_656HkYAd4ukAH2anXOw%3d%3d&_t_uuid=ZfMLUIy7RUObNo4W1Va5gA&_t_q=spp&_t_tags=language%3aen%2csiteid%3a11c11b3a-39b8-4096-a233-c7d, 
R-0708,P-0635,Anthem - Fort Smith 500 kV, , ,Planning,2026/5/5,"New circuit, greenfield", ,500,500, ,0, , , , , , , ,Anthem,Fort Smith,"Anthem, Fort Smith","Oklahoma, Arkansas","OK, AR","MISO, SPP","MISO, SPP","2024-25 Coordinated System
Plan Study Report",Core+,120,Reported,https://cdn.misoenergy.org/SPP-MISO%202024-25%20Coordinated%20System%20Plan%20(CSP)%20Draft%20Study%20Report744849.pdf?_t_id=yc_656HkYAd4ukAH2anXOw%3d%3d&_t_uuid=ZfMLUIy7RUObNo4W1Va5gA&_t_q=spp&_t_tags=language%3aen%2csiteid%3a11c11b3a-39b8-4096-a233-c7d, 
R-0709,P-0636,Sarepta - Southwest Shreveport 500 kV, , ,Planning,2026/5/5,"New circuit, greenfield", ,500,500, ,0, , , , , , , ,Sarepta,Southwest Shreveport,"Sarepta, Southwest Shreveport",Louisiana,LA,"MISO, SPP","MISO, SPP","2024-25 Coordinated System
Plan Study Report",Core+,40,Reported,https://cdn.misoenergy.org/SPP-MISO%202024-25%20Coordinated%20System%20Plan%20(CSP)%20Draft%20Study%20Report744849.pdf?_t_id=yc_656HkYAd4ukAH2anXOw%3d%3d&_t_uuid=ZfMLUIy7RUObNo4W1Va5gA&_t_q=spp&_t_tags=language%3aen%2csiteid%3a11c11b3a-39b8-4096-a233-c7d, 
R-0710,P-0637,Southwest Shreveport - Babel 500 kV, , ,Planning,2026/5/5,"New circuit, greenfield", ,500,500, ,0, , , , , , , ,Southwest Shreveport,Babel,"Southwest Shreveport, Babel","Louisiana, Texas","LA, TX","MISO, SPP","MISO, SPP","2024-25 Coordinated System
Plan Study Report",Core+,120,Reported,https://cdn.misoenergy.org/SPP-MISO%202024-25%20Coordinated%20System%20Plan%20(CSP)%20Draft%20Study%20Report744849.pdf?_t_id=yc_656HkYAd4ukAH2anXOw%3d%3d&_t_uuid=ZfMLUIy7RUObNo4W1Va5gA&_t_q=spp&_t_tags=language%3aen%2csiteid%3a11c11b3a-39b8-4096-a233-c7d, 
R-0711,P-0638,Turk - McNeil 500 kV, , ,Planning,2026/5/5,"New circuit, greenfield", ,500,500, ,0, , , , , , , ,Turk,McNeil,"Turk, McNeil",Arkansas,AR,"MISO, SPP","MISO, SPP","2024-25 Coordinated System
Plan Study Report",Core+,50,Reported,https://cdn.misoenergy.org/SPP-MISO%202024-25%20Coordinated%20System%20Plan%20(CSP)%20Draft%20Study%20Report744849.pdf?_t_id=yc_656HkYAd4ukAH2anXOw%3d%3d&_t_uuid=ZfMLUIy7RUObNo4W1Va5gA&_t_q=spp&_t_tags=language%3aen%2csiteid%3a11c11b3a-39b8-4096-a233-c7d, 
R-0712,P-0639,Southeast Power Link, ,Salt River Project (SRP),Complete,2026/5/26,"New circuit, greenfield", ,230,230, ,0,2024, , , , , , , , , ,Arizona,AZ,None (Non-RTO West),WestTEC,WestTEC 10 Yr Plan, ,7,Reported,https://www.srpnet.com/grid-water-management/grid-management/improvement-projects/southeast-power-link,https://www.westernpowerpool.org/private-media/documents/WestTEC_10-year_Full_Report.pdf
R-0713,P-0640,Heritage - Mosby (HVDC Underground) 525 kV, ,Dominion,Planning,2026/5/29,"New circuit, existing ROW",Underground,525,525, ,0,2032, , , , , , ,Brunswick,Mosby,"Brunswick, Mosby",Virginia,VA,PJM,PJM,2025 W1, ,185,Reported,https://www.pjm.com/-/media/DotCom/committees-groups/committees/teac/2026/20260106/20260106-item-09---reliability-analysis-update.pdf, 
R-0714,P-0641,Elmont - Kraken 500 kV, ,Dominion,Planning,2026/5/29,"New circuit, existing ROW", ,500,500, ,0,2032, , , , , , ,Elmont,Kraken,"Elmont, Kraken",Virginia,VA,PJM,PJM,2025 W1, ,32.05,Reported,https://www.pjm.com/-/media/DotCom/committees-groups/committees/teac/2026/20260106/20260106-item-09---reliability-analysis-update.pdf, 
R-0715,P-0642,Sunbury - Kelayres 500 kV, ,PPL Electric Utilities,Planning,2026/5/29,"New circuit, existing ROW; New circuit, greenfield", ,500,500, ,0,2030, , , , , , ,Sunbury,Kelayres,"Sunbury, Kelayres",Virginia,VA,PJM,PJM,2025 W1, ,24,Reported,https://www.pjm.com/-/media/DotCom/committees-groups/committees/teac/2026/20260106/20260106-2025-rtep-window-1-constructability-and-cost-analysis-report.pdf, 
R-0716,P-0643,Greentown - Teddy 765 kV, ,"Transource, First Energy",Planning,2026/5/29,"New circuit, greenfield", ,765,765, ,0,2031, , , , , , ,Greentown,Teddy,"Greentown, Teddy","Indiana, Ohio","IN, OH","PJM, MISO",PJM,2025 W1, ,137,Reported,https://www.pjm.com/-/media/DotCom/committees-groups/committees/teac/2026/20260106/20260106-item-09---reliability-analysis-update.pdf, 
R-0717,P-0644,Teddy - Marysville 765 kV, ,"Transource, First Energy",Planning,2026/5/29,"New circuit, existing ROW; New circuit, greenfield", ,765,765, ,0,2030, , , , , , ,Teddy,Marysville,"Teddy, Marysville",Ohio,OH,PJM,PJM,2025 W1, ,35.4,Reported,https://www.pjm.com/-/media/DotCom/committees-groups/committees/teac/2026/20260106/20260106-item-09---reliability-analysis-update.pdf, 
R-0718,P-0645,Guernsey - Conesville 765 kV, ,"Transource, First Energy",Planning,2026/5/29,"New circuit, existing ROW; New circuit, greenfield", ,765,765, ,0,2030, , , , , , ,Guernsey,Conesville,"Guernsey, Conesville",Ohio,OH,PJM,PJM,2025 W1, ,32,Reported,https://www.pjm.com/-/media/DotCom/committees-groups/committees/teac/2026/20260106/20260106-item-09---reliability-analysis-update.pdf, 
R-0719,P-0646,Conesville - West Millersport 765 kV, ,"Transource, First Energy",Planning,2026/5/29,"New circuit, existing ROW", ,765,765, ,0,2031, , , , , , ,Conesville,West Millersport,"Conesville, West Millersport",Ohio,OH,PJM,PJM,2025 W1, ,49.1,Reported,https://www.pjm.com/-/media/DotCom/committees-groups/committees/teac/2026/20260106/20260106-item-09---reliability-analysis-update.pdf, 
R-0720,P-0647,West Millersport - Adkins 765 kV, ,"Transource, First Energy",Planning,2026/5/29,"New circuit, greenfield", ,765,765, ,0,2031, , , , , , ,West Millersport,Adkins,"West Millersport, Adkins",Ohio,OH,PJM,PJM,2025 W1, ,38,Reported,https://www.pjm.com/-/media/DotCom/committees-groups/committees/teac/2026/20260106/20260106-item-09---reliability-analysis-update.pdf, 
R-0721,P-0648,Teddy - Cole 345 kV, ,"Transource, First Energy",Planning,2026/5/30,"New circuit, existing ROW", ,345,345, ,0,2030, , , , , , ,Teddy,Cole,"Teddy, Cole",Ohio,OH,PJM,PJM,2025 W1, ,41.7,Reported,https://www.pjm.com/-/media/DotCom/committees-groups/committees/teac/2026/20260106/20260106-item-09---reliability-analysis-update.pdf, 
R-0722,P-0649,Teddy - Beatty 345 kV, ,"Transource, First Energy",Planning,2026/5/30,"New circuit, existing ROW; New circuit, greenfield", ,345,345, ,0,2030, , , , , , ,Teddy,Beatty,"Teddy, Beatty",Ohio,OH,PJM,PJM,2025 W1, ,32,Reported,https://www.pjm.com/-/media/DotCom/committees-groups/committees/teac/2026/20260106/20260106-item-09---reliability-analysis-update.pdf, 
R-0723,P-0150,Gateway Central,Segment B Honeyville to Populus 345 kV Reconductor,Pacificorp,Permitting,2026/6/12,Reconductor, ,345,345, ,0,2028, , , , , , ,Populus,Honeyville,"Populus, Treasureton, Honeyville","Idaho, Utah","ID, UT",None (Non-RTO West), , ,Energy Gateway Transmission Expansion Program,67,Reported,https://www.pacificorp.com/transmission/transmission-projects/segment-b-honeyville-populus-threemile.html, 
